name,weekday,user_count
카카오톡,1,77
카카오톡,2,77
Paco,2,77
카카오톡,3,76
Polar Beat,1,75
Paco,1,75
카카오톡,4,75
Polar Beat,2,74
카카오톡,5,74
Paco,3,74
Paco,4,74
카카오톡,0,74
Paco,5,73
Polar Beat,5,73
Polar Beat,3,73
Paco,0,72
Polar Beat,4,72
Polar Beat,0,71
카카오톡,6,71
설정,1,71
메시지,1,69
메시지,3,69
Paco,6,68
패키지 설치 프로그램,1,68
설정,3,68
설정,0,67
설정,4,67
메시지,0,66
패키지 설치 프로그램,2,66
패키지 설치 프로그램,4,66
메시지,2,66
Polar Beat,6,66
Logger,3,64
패키지 설치 프로그램,3,64
설정,2,64
설정,5,64
메시지,4,64
Logger,2,63
패키지 설치 프로그램,5,63
설정,6,61
카메라,2,60
Logger,4,60
Logger,1,59
패키지 설치 프로그램,6,59
패키지 설치 프로그램,0,58
YouTube,5,56
YouTube,2,55
Logger,5,55
YouTube,3,54
카메라,3,54
메시지,5,54
YouTube,1,54
YouTube,4,54
접근성,2,53
Logger,6,52
시스템 UI,3,52
YouTube,0,52
Logger,0,52
카메라,1,51
시스템 UI,2,50
접근성,4,50
접근성,1,50
YouTube,6,49
갤러리,2,49
접근성,3,49
접근성,5,49
시스템 UI,1,49
갤러리,0,48
카메라,4,48
접근성,0,48
갤러리,3,47
Facebook,1,47
Facebook,2,47
Facebook,3,47
시계,1,47
시스템 UI,4,47
갤러리,1,47
시스템 UI,0,46
Chrome,1,46
Chrome,2,46
갤러리,5,46
Chrome,3,46
시계,2,46
접근성,6,45
갤러리,4,44
시계,0,44
시스템 UI,5,44
Chrome,0,44
Chrome,4,43
시계,3,43
시스템 UI,6,43
Chrome,6,43
카메라,5,43
카메라,0,42
Facebook,0,42
Facebook,4,42
Facebook,5,42
Google Play 스토어,5,42
갤러리,6,41
시계,4,41
Google Play 스토어,2,40
Chrome,5,40
전화,5,39
Facebook,6,39
전화,3,39
Google Play 서비스,0,39
Google Play 스토어,4,39
메시지,6,39
삼성 인터넷,5,38
전화,0,38
전화,1,38
삼성 인터넷,1,38
Samsung Experience 홈,4,37
캘린더,1,37
캘린더,2,37
Samsung Experience 홈,3,37
전화,2,37
카메라,6,36
전화,4,36
삼성 인터넷,0,36
삼성 인터넷,2,35
Google Play 스토어,1,35
Google Play 스토어,3,35
삼성 인터넷,4,35
전화,6,35
Instagram,0,35
Instagram,1,35
Instagram,2,35
캘린더,4,34
Google Play 스토어,0,34
삼성 인터넷,6,34
삼성 인터넷,3,34
Google Play 스토어,6,33
캘린더,3,33
ABC Logger,3,33
ABC Logger,2,33
Google Play 서비스,1,32
Samsung Experience 홈,5,32
시계,5,32
Google,4,31
Samsung Experience 홈,2,31
시계,6,31
Samsung Experience 홈,1,31
Samsung Experience 홈,0,31
캘린더,0,31
Dropsync,2,30
Google Play 서비스,4,30
Samsung Experience 홈,6,30
안드로이드 시스템,3,30
Instagram,3,30
ABC Logger,1,29
안드로이드 시스템,2,29
Instagram,5,29
Google,1,29
Instagram,6,28
안드로이드 시스템,4,28
ABC Logger,0,28
네이버 웹툰,2,27
Google Play 서비스,3,27
안드로이드 시스템,5,26
Instagram,4,26
네이버 웹툰,5,26
KLMS,2,26
원터치알림,2,25
안드로이드 시스템,1,25
안드로이드 시스템,0,25
Samsung Pay,5,25
Dropsync,1,25
Dropsync,3,25
Dropsync,4,25
원터치알림,1,25
원터치알림,4,24
KLMS,0,24
네이버 웹툰,3,24
캘린더,6,24
드라이브,0,24
ABC Logger,4,24
드라이브,3,23
KLMS,3,23
네이버 웹툰,6,23
캘린더,5,23
Google Play 서비스,2,23
Google,0,23
KLMS,1,23
토스,3,23
Samsung Pay,4,23
Google,3,23
토스,4,22
기본홈,3,22
기본홈,2,22
Samsung Pay,0,22
기본홈,1,22
네이버 웹툰,0,22
Samsung Pay,2,22
원터치알림,0,22
Samsung Pay,1,21
Samsung Pay,3,21
원터치알림,3,21
드라이브,2,21
날씨,2,21
Google,2,21
네이버 웹툰,1,21
날씨,4,20
Samsung Pay,6,20
기본홈,0,20
Dropsync,5,20
Google,6,20
Google Play 서비스,6,20
기본홈,4,20
Google Play 서비스,5,20
Dropsync,0,20
연락처,2,20
연락처,1,20
Dropsync,6,20
Google,5,19
기본홈,6,19
날씨,3,19
Gmail,3,19
토스,2,19
T전화,1,19
네이버 지도,5,19
안드로이드 시스템,6,19
기본홈,5,19
토스,1,19
네이버 웹툰,4,19
원터치알림,6,19
KLMS,6,19
알람/시계,3,19
NAVER,1,18
One UI 홈,1,18
Messenger,0,18
NAVER,3,18
NAVER,2,18
T전화,3,18
T전화,2,18
통화 관리,2,18
알람/시계,4,18
원터치알림,5,18
드라이브,1,18
T전화,0,18
NAVER,6,17
T전화,4,17
빅스비 보이스,6,17
Gmail,1,17
날씨,6,17
One UI 홈,3,17
NAVER,0,17
통화 관리,3,17
One UI 홈,5,17
통화 관리,1,17
연락처,4,17
NAVER,5,17
알람/시계,2,17
날씨,0,17
토스,5,16
날씨,1,16
KAIST	Portal,0,16
Android 시스템,4,16
Microsoft Band,3,16
ABC Logger,5,16
NAVER,4,16
계산기,1,16
One UI 홈,0,16
One UI 홈,2,16
연락처,6,16
알람/시계,1,16
One UI 홈,6,16
KAIST	Portal,1,16
알람/시계,0,15
T전화,5,15
Gmail,0,15
Gmail,2,15
계산기,2,15
계산기,0,15
KLMS,4,15
카카오뱅크,3,15
빅스비 보이스,5,15
원터치개인,2,15
통화,1,15
Gmail,4,15
주소록,1,15
연락처,0,15
연락처,3,15
날씨,5,15
통화 화면,4,15
빅스비 보이스,0,15
One UI 홈,4,15
통화,5,15
Wi-Fi,3,15
통화,4,15
연락처,5,15
계산기,3,14
Messenger,5,14
Messenger,1,14
Microsoft Band,2,14
내 파일,2,14
Messenger,2,14
Android 시스템,2,14
네이버 지도,0,14
주소록,3,14
토스,0,14
통화,3,14
통화 관리,0,14
빅스비 보이스,1,14
빅스비 보이스,2,14
빅스비 보이스,4,14
Wi-Fi,2,14
통화,2,14
네이버 지도,4,14
카카오뱅크,0,13
KAIST	Portal,3,13
에브리타임,1,13
원터치개인,0,13
네이버 지도,6,13
통화,6,13
드라이브,4,13
통화,0,13
카카오뱅크,2,13
KAIST	Portal,4,13
통화 관리,5,13
카카오 T,5,13
T전화,6,13
Bluetooth,2,13
Messenger,4,13
이메일,3,13
Microsoft Band,1,13
Android 시스템,3,13
Microsoft Health,3,13
통화 관리,4,13
통화 화면,3,13
주소록,4,13
주소록,0,13
주소록,2,13
Gmail,5,13
통화 화면,1,13
통화 화면,2,13
Samsung Notes,3,13
알람/시계,5,12
계산기,5,12
통화 화면,5,12
음성 녹음,2,12
원터치개인,4,12
내 파일,0,12
KAIST	Portal,2,12
Microsoft Health,2,12
Melon,3,12
Messenger,3,12
Android 시스템,0,12
드라이브,5,12
통화 화면,0,12
밥대생,4,12
원터치개인,1,12
빅스비 보이스,3,12
네이버 지도,2,12
에브리타임,2,12
이메일,1,11
Bluetooth,0,11
Messenger,6,11
한컴오피스 viewer,3,11
Bluetooth,1,11
내 파일,3,11
KLMS,5,11
Android 시스템,5,11
쿠팡,0,11
통화 관리,6,11
Melon,1,11
주소록,5,11
원스토어,4,11
Q메모+,1,11
카카오뱅크,1,11
코레일톡,5,11
원터치개인,3,11
비디오 플레이어,0,11
원터치개인,6,11
Bluetooth,3,11
Android 시스템,1,11
네이버 지도,3,11
Wi-Fi,6,10
Foodie,5,10
Microsoft Health,1,10
배달의민족,3,10
원터치개인,5,10
우리카드,2,10
이메일,0,10
주소록,6,10
Wi-Fi,5,10
통화 화면,6,10
Wi-Fi,4,10
코레일톡,1,10
Android 시스템,6,10
게임런처,0,10
지도,5,10
내 파일,1,10
카카오맵,4,10
카카오뱅크,4,10
에브리타임,0,10
한컴오피스 viewer,2,10
카카오뱅크,5,10
Q메모+,2,10
Bluetooth,5,10
게임런처,6,10
시외버스	모바일,5,10
Samsung Notes,2,10
게임런처,2,10
Netflix,4,10
Netflix,5,10
한컴오피스 viewer,0,9
카카오맵,5,9
Q메모+,4,9
삼성 캡처,0,9
우리카드,4,9
Q메모+,6,9
Foodie,2,9
BAND,2,9
Melon,4,9
지도,3,9
KAIST Library,2,9
내 파일,4,9
Samsung Notes,6,9
Samsung Notes,1,9
KAIST	Portal,5,9
우리카드,0,9
네이버 지도,1,9
게임런처,1,9
한컴오피스 viewer,4,9
토스,6,9
밥대생,0,9
게임런처,5,9
Q메모+,0,9
Microsoft Band,4,9
삼성 캡처,5,9
삼성 캡처,3,9
원스토어,2,8
Netflix,2,8
카카오맵,3,8
ABC Logger,6,8
네이버 카페,6,8
에브리타임,3,8
내 파일,6,8
Melon,2,8
밥대생,3,8
Samsung Notes,0,8
프레젠테이션,1,8
Melon,0,8
카카오페이지,6,8
에브리타임,4,8
네이버 카페,4,8
Netflix,1,8
비디오 플레이어,4,8
Samsung Notes,4,8
코레일톡,0,8
이메일,5,8
코레일톡,4,8
Microsoft Band,5,8
시외버스	모바일,4,8
비디오 플레이어,2,8
Shutdown Monitor,1,8
Bluetooth,4,8
게임런처,4,8
게임런처,3,8
쿠팡,1,8
미세미세,4,8
고속버스 모바일,4,8
Melon,6,8
KAIST Library,3,8
Melon,5,8
Netflix,0,8
Samsung Notes,5,8
코레일톡,2,8
밥대생,1,7
카카오맵,1,7
Samsung Health,5,7
U+ 고객센터,4,7
삼성 캡처,6,7
Netflix,3,7
음악,0,7
SR 고속열차,5,7
코레일톡,3,7
SODA,6,7
이메일,4,7
코레일톡,6,7
SNOW,6,7
알람/시계,6,7
카카오맵,6,7
CLASSUM,1,7
삼성 캡처,1,7
비디오 플레이어,5,7
삼성 캡처,2,7
LoL 프렌즈,2,7
카카오 T,6,7
SNOW,4,7
KAIST Library,0,7
Samsung Music,0,7
계산기,4,7
우리카드,1,7
Gmail,6,7
우리카드,5,7
뱅크샐러드,2,7
배달의민족,6,7
배달의민족,5,7
배달의민족,4,7
YouTube Music,0,7
카카오페이지,0,7
배달의민족,0,7
파인더,3,7
파일,2,7
파일,3,7
YouTube Music,5,7
음성 녹음,6,7
프레젠테이션,2,7
네이버 카페,3,7
네이버 카페,2,7
Microsoft Health,5,7
음악,5,6
소프트웨어 업데이트,0,6
BAND,3,6
Q메모+,5,6
BAND,4,6
SNOW,2,6
SNOW,3,6
뱅크샐러드,4,6
BAND,1,6
쿠팡,2,6
포토,0,6
소프트웨어 업데이트,6,6
지도,4,6
쿠팡,3,6
리마인더,0,6
Microsoft Health,4,6
BAND,0,6
The Day Before,0,6
YouTube Music,1,6
Polaris Office,3,6
Q메모+,3,6
한컴오피스 viewer,1,6
파인더,5,6
파일,0,6
배달의민족,2,6
KAIST	Portal,6,6
LG 페이,1,6
Bluetooth,6,6
한컴오피스 viewer,5,6
LG 페이,3,6
우리카드,3,6
T멤버십,1,6
카카오맵,2,6
원스토어,0,6
벅스,1,6
소프트웨어 업데이트,3,6
SODA,5,6
드라이브,6,6
CaptivePortalLogin,0,6
CaptivePortalLogin,4,6
내 파일,5,6
한국장학재단,2,6
벅스,3,6
Samsung Music,5,6
Samsung Health,0,6
Samsung Health,1,6
Samsung Health,2,6
지도,0,6
Samsung Music,3,6
Samsung Music,4,6
Netflix,6,6
후후,0,6
후후,1,6
Wi-Fi,1,6
Wi-Fi,0,6
SODA,3,6
쿠팡,6,6
트위터,1,6
소프트웨어 업데이트,5,6
트위터,6,6
트위터,4,6
트위터,3,6
CLASSUM,3,6
카카오뱅크,6,6
트위터,0,6
카카오페이지,4,6
카카오페이지,2,6
카카오페이지,3,6
Samsung Health,3,5
T world,3,5
Samsung Health,4,5
카카오 T,4,5
음악,4,5
LG 페이,2,5
LoL 프렌즈,3,5
음악,2,5
Samsung Health,6,5
Samsung Music,2,5
Microsoft Health,0,5
Puffin,4,5
지니 뮤직,6,5
카카오 T,2,5
The Day Before,2,5
The Day Before,3,5
지도,2,5
소프트웨어 업데이트,4,5
T map,5,5
SODA,2,5
SODA,4,5
비디오 플레이어,1,5
캐시워크,4,5
카카오페이지,1,5
Shutdown Monitor,5,5
캐시워크,3,5
카카오버스,5,5
Microsoft Band,0,5
비디오 플레이어,6,5
Slack,5,5
이메일,2,5
삼성 캡처,4,5
Microsoft Band,6,5
소프트웨어 업데이트,1,5
카카오페이지,5,5
문서,5,5
밥대생,6,5
네트워크,1,5
편한가계부,1,5
Excel,4,5
벅스,2,5
Evernote,0,5
에브리타임,5,5
원스토어,5,5
ISP/페이북,3,5
고속버스 모바일,5,5
Cookie Run: OvenBreak,4,5
알파카,6,5
YouTube Music,4,5
밥대생,5,5
밥대생,2,5
CaptivePortalLogin,5,5
고음질 녹음,3,5
계산기,6,5
VIBE,1,5
한컴오피스 viewer,6,5
파일,5,5
파일,6,5
파일 관리자,3,5
YouTube Music,3,5
배달의민족,1,5
YouTube Music,2,5
파인더,0,5
배달요기요,4,5
Foodie,6,5
티몬,3,5
Foodie,4,5
Foodie,3,5
트위터,5,5
트위터,2,5
디바이스 케어,0,5
YouTube Music,6,5
B612,5,5
음성 녹음,3,5
신한 쏠(SOL),2,5
신한 쏠(SOL),3,5
음성 녹음,0,5
T멤버십,2,5
T멤버십,3,5
시외버스	모바일,0,5
음성 녹음,1,5
음성 녹음,4,5
포토 에디터,2,4
편한가계부,6,4
네이버 카페,0,4
SNOW,0,4
편한가계부,2,4
편한가계부,3,4
편한가계부,4,4
포토,1,4
지하철종결자,4,4
Excel,3,4
Excel,1,4
고속버스 모바일,1,4
Evernote,3,4
포토 에디터,1,4
포토 에디터,3,4
미세미세,5,4
똑똑가계부,5,4
고속버스 모바일,0,4
하나1Q페이,3,4
캐시워크,2,4
파일,4,4
PowerPoint,2,4
파일 관리자,0,4
삼성 키보드,6,4
Puffin,3,4
삼성 키보드,4,4
Polaris Office,4,4
삼성 키보드,2,4
Polaris Office,0,4
11번가,2,4
삼성 키보드,0,4
시외버스	모바일,3,4
캐시워크,1,4
시외버스	모바일,6,4
Foodie,1,4
Foodie,0,4
B612,6,4
음성 녹음,5,4
Samsung Music,6,4
후후,3,4
네이버 카페,5,4
SNOW,5,4
Papago,4,4
PASS,1,4
PASS,3,4
CaptivePortalLogin,3,4
디바이스 관리,5,4
알라미,5,4
SODA,1,4
SODA,0,4
알라미,6,4
디바이스 케어,2,4
지도,6,4
디바이스 케어,3,4
디바이스 케어,5,4
디시인사이드,1,4
디시인사이드,2,4
디시인사이드,3,4
똑똑가계부,1,4
똑똑가계부,2,4
똑똑가계부,3,4
똑똑가계부,4,4
CaptivePortalLogin,6,4
한국장학재단,4,4
CLASSUM,2,4
카카오맵,0,4
후후,4,4
후후,5,4
네트워크,3,4
다음웹툰,1,4
Samsung Music,1,4
다음웹툰,2,4
카카오 T,3,4
다음웹툰,4,4
Cookie Run: OvenBreak,5,4
OP.GG,2,4
롯데리아,3,4
Cookie Run: OvenBreak,3,4
Cookie Run: OvenBreak,2,4
Cookie Run: OvenBreak,1,4
Cookie Run: OvenBreak,0,4
리마인더,2,4
알파카,1,4
동영상,2,4
동영상,6,4
롯데시네마,4,4
알파카,3,4
쿠팡,5,4
캐시워크,5,4
벅스,5,4
비디오 플레이어,3,4
VIBE,5,4
AfreecaTV,6,4
AfreecaTV,5,4
LoL 프렌즈,0,4
텔레그램,2,4
지니 뮤직,4,4
KAIST Library,6,4
KAIST Library,5,4
LoL 프렌즈,5,4
LoL 프렌즈,6,4
Between,0,4
벅스,6,4
ISP/페이북,4,4
Adobe Acrobat,3,4
원스토어 서비스,4,4
좋은 카메라,0,4
원스토어,3,4
원스토어,1,4
위메프,0,4
VIBE,3,4
AhnLab V3 Mobile Plus 2.0,5,4
LG 키보드,5,4
음악,1,4
TouchWiz 홈,6,4
TouchWiz 홈,5,4
TouchWiz 홈,4,4
TouchWiz 홈,3,4
TouchWiz 홈,2,4
TouchWiz 홈,1,4
TouchWiz 홈,0,4
LG 페이,0,4
T map,0,4
Twitch,6,4
The Day Before,5,4
KB스타알림,4,4
KB스타알림,3,4
KB스타알림,2,4
KB스타알림,1,4
T map,6,4
T map,4,4
Word,1,4
Word,6,4
우리카드,6,4
파인더,6,4
스프레드시트,3,4
스프레드시트,1,4
뱅크샐러드,3,4
Slack,0,4
티몬,2,4
티몬,0,4
파인더,1,4
Galaxy Store,1,4
Word,3,4
소프트웨어 업데이트,2,4
Word,4,4
Slack,1,4
MX 플레이어,1,4
MTP 애플리케이션,2,4
지니 뮤직,1,4
지니 뮤직,5,3
리브,2,3
T world,4,3
T 안심,1,3
리마인더,5,3
리마인더,4,3
위메프,1,3
The Day Before,1,3
T 안심,6,3
똑똑가계부,0,3
U+멤버스,4,3
ULike,0,3
뱅크샐러드,6,3
알라미,3,3
알라미,4,3
위비톡,3,3
위메프,3,3
T연락처,3,3
위비톡,2,3
위메프,5,3
위메프,6,3
위비톡,1,3
알라미,0,3
Slack,6,3
마이 케이티,6,3
신한카드,4,3
지니 뮤직,2,3
Twitch,0,3
Twitch,1,3
문서,4,3
삼성 키보드,5,3
삼성 키보드,3,3
지니 뮤직,0,3
모바일교보문고,2,3
Shutdown Monitor,0,3
Shutdown Monitor,2,3
삼성 키보드,1,3
Zenly,0,3
oksusu,6,3
올원뱅크,4,3
Twitch,2,3
Twitch,4,3
미세미세,1,3
Twitch,5,3
음악,3,3
신한카드,2,3
메모,1,3
직방,5,3
지하철종결자,6,3
지하철종결자,5,3
The Day Before,6,3
VIBE,0,3
The Day Before,4,3
SNOW,1,3
배달요기요,5,3
T world,2,3
스타벅스,4,3
Samsung Pass 자동 완성,1,3
에이블리,3,3
원스토어 서비스,0,3
Smart​Things,2,3
다음웹툰,0,3
빅스비 비전,6,3
다음,0,3
야놀자,4,3
야놀자,5,3
네트워크,5,3
좋은 카메라,1,3
네트워크,0,3
좋은 카메라,3,3
좋은 카메라,4,3
좋은 카메라,5,3
네이버TV,3,3
네이버TV,2,3
네이버 캘린더,1,3
좋은 카메라,6,3
네이버 카페,1,3
Slack,2,3
Slack,3,3
네이버 사전,3,3
네이버 사전,2,3
네이버 블로그,3,3
에브리타임,6,3
Slack,4,3
Samsung Pass 자동 완성,3,3
보안 폴더,2,3
디바이스 케어,1,3
벅스,0,3
Workspace,5,3
T map,1,3
벅스,4,3
디바이스 관리,6,3
스마트택배,2,3
디바이스 관리,1,3
VIBE,2,3
스프레드시트,4,3
SR 고속열차,1,3
SR 고속열차,4,3
SR 고속열차,6,3
지퍼7,3,3
지퍼7,0,3
Shutdown Monitor,3,3
VIBE,6,3
고속버스 모바일,2,3
Word,2,3
고속버스 모바일,6,3
동영상,4,3
동영상,3,3
Samsung Pass 자동 완성,4,3
Shutdown Monitor,6,3
알파카,2,3
빅스비 홈,0,3
알파카,5,3
VpnDialogs,4,3
스프레드시트,2,3
알바몬,2,3
네이버 캘린더,2,3
Evernote,5,3
CJ대한통운 택배,4,3
포토,3,3
포토,2,3
LoL 프렌즈,1,3
KB스타뱅킹,2,3
편한가계부,5,3
Between,4,3
Between,3,3
Between,2,3
CJ대한통운 택배,2,3
KB스타뱅킹,0,3
프레젠테이션,3,3
OK Cashbag,4,3
프레젠테이션,4,3
편한가계부,0,3
텔레그램,0,3
FLO,0,3
FLO,1,3
CLASSUM,0,3
FLO,2,3
FLO,4,3
BAND,5,3
Discord,6,3
B612,2,3
KT 멤버십,6,3
한국장학재단,0,3
Discord,5,3
Discord,4,3
Discord,3,3
포토,4,3
LoL 프렌즈,4,3
Dropbox,0,3
Dropbox,2,3
MTP 애플리케이션,4,3
포토 에디터,6,3
MX 플레이어,3,3
LG 키보드,1,3
MX 플레이어,6,3
LG 키보드,4,3
CGV,3,3
하나1Q페이,0,3
픽테일 - NewYork,2,3
Briefing,0,3
EhViewer,4,3
캐시워크,6,3
LG 페이,5,3
캐시워크,0,3
CJ ONE,5,3
Evernote,2,3
KB스타알림,6,3
LG 페이,6,3
KB스타알림,0,3
Evernote,4,3
Evernote,6,3
하나1Q페이,4,3
Excel,6,3
하나1Q페이,5,3
하나1Q페이,6,3
CJ대한통운 택배,0,3
Dropbox,3,3
Discord,2,3
KB국민카드,4,3
ISP/페이북,1,3
후후,2,3
ISP/페이북,5,3
AhnLab V3 Mobile Plus 2.0,6,3
AhnLab V3 Mobile Plus 2.0,4,3
GGtics,3,3
파인더,4,3
AhnLab V3 Mobile Plus 2.0,0,3
카카오버스,6,3
파인더,2,3
Adobe Acrobat,5,3
Clean Master,0,3
Adobe Acrobat,1,3
티몬,5,3
ISP/페이북,0,3
Pokémon GO,2,3
GGtics,2,3
Clean Master,1,3
티몬,1,3
Clean Master,2,3
Clean Master,3,3
Polaris Office,1,3
Polaris Office,2,3
Google Play 뮤직,2,3
AIA Vitality T건강걷기,2,3
Clean Master,4,3
11번가,6,3
Google 뉴스,0,3
Cookie Run: OvenBreak,6,3
11번가,0,3
ISP/페이북,6,3
쿠팡,4,3
Intra,6,3
KAIST Library,1,3
Discord,1,3
파일 관리자,2,3
KAIST 전자식복무관리시스템,2,3
PASS,0,3
PASS,4,3
Discord,0,3
KAIST 전자식복무관리시스템,0,3
KAIST 전자식복무관리시스템,3,3
텔레그램,3,3
KAIST 전자식복무관리시스템,4,3
PAYCO,2,3
CaptivePortalLogin,2,3
파일 관리자,4,3
카카오버스,4,3
Papago,6,3
PAYCO,3,3
Duel Links,2,2
프렌즈타운,6,2
Duel Links,4,2
Duel Links,5,2
네이버 블로그,5,2
네이버TV,6,2
다음웹툰,3,2
네이버TV,4,2
Duel Links,6,2
네이버 사전,6,2
업비트,1,2
프렌즈타운,4,2
Duel Links,1,2
네이버 캘린더,0,2
다방,2,2
어드벤처,0,2
어드벤처,2,2
프렌즈타운,1,2
네트워크,6,2
프레젠테이션,0,2
Duel Links,0,2
야놀자,1,2
0한동,4,2
네이버 캘린더,4,2
프렌즈타운,5,2
다음,2,2
네이버 캘린더,5,2
다음,4,2
네트워크,2,2
에이블리,4,2
네이버 블로그,2,2
네이버 뮤직,5,2
FatSecret,1,2
FatSecret,3,2
Firefox,6,2
올원뱅크,0,2
올원뱅크,1,2
올원뱅크,3,2
올원뱅크,5,2
올원뱅크,6,2
oksusu,5,2
왓챠,0,2
왓챠,1,2
왓챠,2,2
Zenly,5,2
Zenly,4,2
Zenly,1,2
파일 관리자,5,2
Galaxy Themes,5,2
티몬,4,2
Google Play 게임,1,2
Google Play 게임,4,2
Google Play 게임,5,2
Google Play 게임,6,2
Google Play 뮤직,1,2
원격 데스크톱,0,2
Workspace,2,2
Word,5,2
Google Play 뮤직,3,2
원격 데스크톱,4,2
Google 뉴스,2,2
FLO,6,2
고속버스 모바일,3,2
FLO,3,2
EhViewer,6,2
Edge screen,3,2
포토 에디터,5,2
네이버 메일,6,2
네이버 메일,3,2
네이버 메일,1,2
네이버 메일,0,2
넌얼마나쓰니,4,2
넌얼마나쓰니,2,2
넌얼마나쓰니,0,2
EhViewer,1,2
EhViewer,2,2
EhViewer,3,2
EhViewer,5,2
에이블리,1,2
과학적인 계산기,3,2
Excel,2,2
Excel,5,2
에이블리,2,2
포토,6,2
당근마켓,0,2
여기어때,6,2
포토,5,2
김과외,3,2
FIFA Mobile,2,2
영웅문S,4,2
FIFA Mobile,3,2
FIFA Mobile,5,2
FIFA Online 4 M,0,2
다음웹툰,6,2
알람몬,1,2
당근마켓,1,2
배경화면,1,2
시리즈,0,2
B612,4,2
B612,3,2
미세미세,2,2
B612,1,2
미세미세,6,2
Auto Chess,0,2
배경화면,6,2
번개장터,1,2
뱅크샐러드,0,2
뱅크샐러드,1,2
뱅크샐러드,5,2
스프레드시트,6,2
스프레드시트,5,2
해피포인트,2,2
해피포인트,5,2
시리즈,4,2
문피아,6,2
문피아,5,2
문피아,4,2
하스스톤,0,2
하스스톤,1,2
모바일결제 ISP,2,2
모바일교보문고,4,2
모바일교보문고,5,2
Between,6,2
Between,5,2
문서,1,2
문서,3,2
Between,1,2
문서,6,2
문피아,0,2
문피아,1,2
문피아,2,2
문피아,3,2
스프레드시트,0,2
번역,1,2
신한 쏠(SOL),0,2
사용자 휴대폰 도우미,2,2
빅스비 비전,4,2
후후,6,2
빅스비 홈,1,2
빅스비 홈,2,2
빅스비 홈,4,2
빅스비 홈,5,2
빅스비 홈,6,2
사운드 선택기,3,2
번역,3,2
AIA Vitality T건강걷기,5,2
AIA Vitality T건강걷기,3,2
후후-유플러스,3,2
후후-유플러스,6,2
11번가,4,2
11번가,3,2
11번가,1,2
Adobe Acrobat,0,2
Adobe Acrobat,4,2
AfreecaTV,0,2
AfreecaTV,4,2
번역,6,2
스터디헬퍼,3,2
스터디헬퍼,2,2
스터디헬퍼,1,2
스터디헬퍼,0,2
스타벅스,5,2
스타벅스,3,2
보안 폴더,5,2
스마트택배,4,2
스마트택배,3,2
스마트택배,1,2
브롤스타즈,2,2
비디오 에디터,2,2
AhnLab V3 Mobile Plus 2.0,3,2
AhnLab V3 Mobile Plus 2.0,2,2
모바일	티머니,0,2
신한 쏠(SOL),1,2
알파카,4,2
CJ대한통운 택배,3,2
CLiP,4,2
CLiP,3,2
CLiP,2,2
CLiP,1,2
CLiP,0,2
CLASSUM,5,2
똑똑가계부,6,2
러브데이,0,2
CGV,4,2
러브데이,2,2
러브데이,3,2
CJ대한통운 택배,1,2
러브데이,6,2
알라미,2,2
알라미,1,2
레진코믹스,3,2
알람몬,0,2
G마켓,0,2
알람몬,2,2
알람몬,3,2
Clean Master,6,2
Clean Master,5,2
알파카,0,2
알집,5,2
알송,5,2
알송,4,2
알송,1,2
동영상,5,2
CaptivePortalLogin,1,2
CamScanner,4,2
CamScanner,0,2
디바이스 케어,4,2
디시인사이드,0,2
알람몬,6,2
알람몬,4,2
레진코믹스,6,2
CGV,2,2
하나카드,0,2
Brawl Stars,4,2
싸이메라,6,2
실행 프로그램,5,2
메가박스,4,2
신한카드,5,2
Brawl Stars,5,2
신한카드,3,2
메모,3,2
신한카드,0,2
롯데시네마,5,2
메모,6,2
메모장,0,2
메모장,1,2
메모장,2,2
신한 쏠(SOL),4,2
Brawl Stars,1,2
Brawl Stars,0,2
마카롱,5,2
쏠캘린더,1,2
쏠캘린더,2,2
Briefing,1,2
아이디어스,3,2
하나1Q페이,1,2
리마인더,1,2
Briefing,6,2
리마인더,3,2
하나1Q페이,2,2
Briefing,4,2
리마인더,6,2
Briefing,2,2
리브,4,2
쏠캘린더,6,2
쏠캘린더,5,2
마이 케이티,3,2
마이 케이티,4,2
쏠캘린더,4,2
Google 뉴스,6,2
PowerPoint,5,2
잠금화면 설정,1,2
이메일,6,2
카카오 T,1,2
PAYCO,5,2
PAYCO,4,2
지니 뮤직,3,2
Microsoft Health,6,2
PASS,6,2
PASS,5,2
캐시슬라이드 스텝업,6,2
Samsung account,1,2
캐시슬라이드 스텝업,5,2
S보이스,5,2
T 안심,0,2
컴프야2019,5,2
T 안심,2,2
캐시슬라이드 스텝업,4,2
T 안심,3,2
KB스타뱅킹,1,2
U+ 고객센터,5,2
U+ 고객센터,3,2
PASS,2,2
카카오 T,0,2
Settings Suggestions,2,2
Pinterest,1,2
T world,5,2
지그재그,1,2
MX 플레이어,4,2
MX 플레이어,5,2
Shutdown Monitor,4,2
Lite,2,2
Lite,1,2
T map,2,2
T map,3,2
Lite,0,2
컴프야2019,0,2
컴프야2019,1,2
위메프,4,2
카이스트 버스,2,2
카이스트 버스,3,2
음악,6,2
T world,1,2
컴프야2019,2,2
컴프야2019,3,2
카이스트 버스,4,2
U+ 고객센터,2,2
U+ 고객센터,1,2
U+ 고객센터,0,2
이랜드몰,6,2
지퍼7,1,2
카카오스탁,1,2
카카오스탁,2,2
NFC 서비스,3,2
KT 멤버십,4,2
카카오스탁,4,2
NH콕뱅크,3,2
Kahoot!,2,2
카카오스토리,1,2
Todoist,1,2
카카오지하철,6,2
OP.GG,3,2
카카오지하철,4,2
카카오지하철,5,2
LG 키보드,0,2
LG 키보드,2,2
LG 키보드,3,2
Samsung Members,4,2
LG 키보드,6,2
KT 멤버십,0,2
크루비,2,2
위비톡,4,2
Twitch,3,2
T 안심,4,2
SR 고속열차,2,2
캐시슬라이드 스텝업,3,2
캐시슬라이드 스텝업,2,2
지하철 노선도,2,2
캐시슬라이드 스텝업,1,2
캐시슬라이드 스텝업,0,2
Most,2,2
KB스타뱅킹,4,2
KB스타뱅킹,6,2
KB스타알림,5,2
Samsung Pass 자동 완성,0,2
LINE,5,2
T멤버십,5,2
KFTC FIDO LINK,2,2
카톡 프리뷰,2,2
T멤버십,0,2
좋은 카메라,2,2
Samsung Experience Service,1,2
인쇄 스풀러,2,2
LG 페이,4,2
원스토어 서비스,6,2
Habitica,3,2
첫화면 상식,3,2
Pokémon GO,1,2
Pokémon GO,3,2
PowerPoint,1,2
Pokémon GO,5,2
텔레그램,1,2
KAIST 전자식복무관리시스템,1,2
Pokémon GO,6,2
WeChat,3,2
PowerPoint,0,2
컬쳐랜드,0,2
잠금화면 설정,3,2
잠금화면 설정,5,2
컬쳐랜드,2,2
VpnDialogs,6,2
Lite,3,2
Lite,4,2
Study,0,2
텔레그램,4,2
Steam,6,2
Lite,5,2
Intra,1,2
원스토어 서비스,5,2
원스토어 서비스,3,2
Puffin,6,2
원스토어 서비스,2,2
원스토어,6,2
Lite,6,2
Puffin,5,2
Puffin,1,2
Pokémon GO,4,2
컬쳐랜드,6,2
M-able,4,2
Smart​Things,5,2
Smart​Things,4,2
M-able,2,2
Smart​Things,3,2
M-able,1,2
직방,6,2
Pokémon GO,0,2
MTP 애플리케이션,1,2
Smart​Things,0,2
M-able,3,2
직방,2,2
직방,3,2
직방,1,2
PowerPoint,4,2
G마켓,5,2
Habitica,2,2
직방,0,2
하나카드,5,1
하나카드,4,1
하나카드,3,1
핑크다이어리,4,1
카톡 프리뷰,5,1
카톡 프리뷰,4,1
핑크다이어리,2,1
시크릿라벨,1,1
아이쉐어링,3,1
시외버스	모바일,2,1
카톡 프리뷰,3,1
아이즈원 프라이빗 메일,2,1
안다르,1,1
하스스톤,4,1
시스템 런처,0,1
아이즈원 프라이빗 메일,1,1
시스템 런처,1,1
아이즈원 프라이빗 메일,3,1
커플릿,3,1
아이즈원 프라이빗 메일,0,1
카톡 프리뷰,6,1
시스템 런처,2,1
아이즈원 프라이빗 메일,4,1
카톡 프리뷰,0,1
카카오톡 치즈,6,1
카카오톡 치즈,2,1
카톡 프리뷰,1,1
아이쉐어링,6,1
하스스톤,2,1
카카오톡 치즈,1,1
시스템 런처,3,1
시스템 런처,4,1
카카오택시,6,1
카카오택시,4,1
하스스톤,3,1
카카오택시,3,1
캠퍼스팅,0,1
하나카드,2,1
신한페이판,3,1
실행 프로그램,0,1
캔디카메라,2,1
커플릿,0,1
캠퍼스팅,6,1
캠퍼스팅,5,1
캠퍼스팅,4,1
지그재그,3,1
캠퍼스팅,3,1
쏘카,0,1
쏘카,2,1
아웃 포커스,1,1
아만다,6,1
쏘카,3,1
아만다,3,1
캠퍼스팅,2,1
쏘카,4,1
캠퍼스팅,1,1
쏠캘린더,0,1
캔디카메라,4,1
캔디팡:쥬시월드,6,1
아만다,2,1
쏠캘린더,3,1
아만다,1,1
아만다,0,1
중고나라,4,1
신한페이판,5,1
커플릿,1,1
아이쉐어링,0,1
신한페이판,1,1
캐시슬라이드,0,1
하나멤버스,4,1
하나멤버스,0,1
캐시슬라이드,1,1
캐시슬라이드,2,1
캐시슬라이드,3,1
아이모,6,1
씀,5,1
아이모,5,1
아이모,4,1
아이모,3,1
아이모,2,1
신한 쏠(SOL),5,1
아이모,1,1
신한 쏠(SOL),6,1
아이모,0,1
아이디어스,6,1
아이디어스,5,1
지도,1,1
커플릿,2,1
캔디카메라,0,1
캔디카메라,1,1
아이디어스,2,1
아이디어스,1,1
신한페이판,0,1
캔디카메라,3,1
한국투자증권,3,1
카카오지하철,3,1
첫화면 상식,1,1
수탉 알람시계,0,1
현대해상,0,1
현대해상,2,1
현대해상,5,1
착한음악,2,1
챌린저스,4,1
첫화면 상식,0,1
첫화면 상식,2,1
직방,4,1
호갱노노,0,1
호갱노노,2,1
호갱노노,4,1
호갱노노,5,1
화해,6,1
후후-유플러스,0,1
성경일독Q,6,1
현대카드,4,1
수탉 알람시계,1,1
첫화면 상식,5,1
숨고,6,1
스마트 스캔,0,1
스마트 닥터,1,1
스마트 닥터,0,1
스마일페이,5,1
스냅스,2,1
스냅스,1,1
스냅스,0,1
숨고,4,1
수탉 알람시계,3,1
숨고,3,1
숨고,2,1
숨고,1,1
숨고,0,1
카이스트 버스,1,1
수탉 알람시계,6,1
수탉 알람시계,5,1
첫화면 상식,4,1
성경일독Q,5,1
카카오지하철,2,1
성경,0,1
성경,2,1
카이스트 모바일 메일,2,1
휴대전화,4,1
휴대전화,5,1
휴대전화,6,1
휴대폰,4,1
성경,1,1
휴대폰 인증서 서비스,1,1
휴대전화,3,1
히어로칸타레,0,1
히어로칸타레,1,1
히어로칸타레,2,1
히어로칸타레,3,1
히어로칸타레,4,1
히어로칸타레,5,1
서울스토어,5,1
성경,3,1
휴대전화,2,1
성경일독Q,4,1
성경,5,1
첫화면 상식,6,1
카이스트 모바일 메일,6,1
성경일독Q,3,1
성경일독Q,2,1
성경일독Q,1,1
성경일독Q,0,1
성경,6,1
성경,4,1
휴대전화,1,1
카이스트 모바일 메일,5,1
후후-유플러스,1,1
카이스트 모바일 메일,4,1
후후-유플러스,2,1
후후-유플러스,4,1
후후-유플러스,5,1
카이스트 모바일 메일,3,1
스마트 스캔,1,1
스마트 스캔,6,1
스마트명세서,6,1
해피스크린,0,1
한국투자증권,5,1
한컴오피스,4,1
슬립 베터,4,1
한컴오피스 S 뷰어,2,1
해먹남녀,3,1
해먹남녀,4,1
해커스인강	챔프스터디,6,1
해피스크린,1,1
슬립 베터,6,1
해피스크린,2,1
슬립 베터,3,1
슬립 베터,2,1
지퍼7,5,1
지퍼7 2.0,1,1
해피스크린,3,1
해피스크린,4,1
슬립 베터,5,1
카카오스탁,0,1
스마트택배,0,1
카카오스토리,0,1
카카오지하철,1,1
하스스톤,5,1
카카오지하철,0,1
카카오스토리,6,1
서머너즈 워,6,1
카카오스토리,5,1
카카오스토리,4,1
하스스톤,6,1
한국투자증권,2,1
한국장학재단,1,1
한국장학재단,5,1
한국투자	주식,1,1
한국투자	주식,2,1
한국투자	주식,4,1
한국투자	주식,5,1
한국투자	주식,6,1
해피스크린,5,1
지퍼7 2.0,2,1
해피스크린,6,1
스카이피플,2,1
카카오버스,2,1
헬로마켓,6,1
스카이피플,6,1
스카이피플,5,1
스카이피플,4,1
스카이피플,3,1
현대카드,0,1
스카이피플,1,1
슬립 베터,1,1
스카이피플,0,1
스와이프 벽돌깨기,6,1
스와이프,0,1
스마트헌혈,2,1
스마트택배,5,1
지하철종결자,3,1
현대카드,2,1
스터디헬퍼,4,1
카카오버스,3,1
스터디헬퍼,5,1
스터디헬퍼,6,1
슬립 베터,0,1
지하철종결자,0,1
해피포인트,0,1
해피포인트,3,1
지하철종결자,1,1
해피포인트,6,1
헤이카카오,0,1
헤이카카오,4,1
헤이카카오,5,1
헬로마켓,0,1
헬로마켓,2,1
헬로마켓,5,1
스트리트 뷰,4,1
지하철종결자,2,1
스텔라 브라우저,1,1
픽테일 - NewYork,3,1
튜브박스,3,1
피트니스,2,1
팝콘티비,5,1
위비뱅크,0,1
오락_OK캐쉬백,3,1
오락_OK캐쉬백,2,1
오락_OK캐쉬백,1,1
오락_OK캐쉬백,0,1
타임스프레드,2,1
오디오클립,5,1
오디오클립,3,1
오늘하루,0,1
오늘의집,6,1
위비뱅크,1,1
오늘의집,5,1
오늘의집,4,1
오늘의집,3,1
오늘의집,2,1
오늘의집,0,1
예스24 도서,4,1
타임스프레드,3,1
페이트/그랜드오더,6,1
타임스프레드,4,1
오락_OK캐쉬백,4,1
팟빵,0,1
팟빵,2,1
팟빵,3,1
팟빵,4,1
팟빵,5,1
팟빵,6,1
타임스프레드,6,1
위메프,2,1
페이트/그랜드오더,5,1
타임스프레드,5,1
펀드슈퍼마켓,1,1
페이트/그랜드오더,0,1
페이트/그랜드오더,1,1
페이트/그랜드오더,2,1
페이트/그랜드오더,3,1
페이트/그랜드오더,4,1
영웅문SG 베타,6,1
영웅문SG 베타,4,1
영웅문SG 베타,3,1
포토 에디터,0,1
여기어때,2,1
여기어때,0,1
에이블리,6,1
에이블리,5,1
위키백과,5,1
윈드러너Z,6,1
유니콘,4,1
유니콘,5,1
위키백과,2,1
타이젬 바둑,5,1
타이젬 바둑,4,1
카이스트 모바일 메일,0,1
에이블리,0,1
에어비앤비,4,1
에어비앤비,2,1
에어비앤비,1,1
여기어때,3,1
포코포코,6,1
영웅문SG 베타,2,1
영웅문SG 베타,1,1
위비뱅크,2,1
위비뱅크,3,1
펜타스톰,6,1
위비뱅크,5,1
위비뱅크,6,1
위비톡,0,1
타임스프레드,1,1
타임스프레드,0,1
연락처와 다이얼,0,1
영웅문S,2,1
엽기떡볶이,4,1
엽기떡볶이,2,1
엽기떡볶이,1,1
연락처와 다이얼,4,1
연락처와 다이얼,3,1
연락처와 다이얼,2,1
팝콘티비,6,1
팝콘티비,4,1
커플릿,4,1
팝콘티비,3,1
우먼스톡,1,1
통화 서비스,3,1
통화 서비스,2,1
통화 서비스,0,1
원스토어 북스,2,1
원스토어 서비스,1,1
티몬,6,1
티켓링크,3,1
티켓링크,4,1
티켓링크,5,1
파일,1,1
텔레그램,6,1
텔레그램,5,1
파일 관리자,6,1
원터치개인 삼성페이,0,1
파일 보내기 및 받기,1,1
요금안내서 Bill Letter,1,1
우먼스톡,6,1
우체국 스마트뱅킹,0,1
우체국 스마트뱅킹,1,1
원더락,2,1
튜브박스,4,1
튜브박스,5,1
원더락,1,1
튜브박스,6,1
원기날씨,3,1
원기날씨,2,1
원기날씨,0,1
원격 데스크톱,3,1
우체국 스마트뱅킹,3,1
원더락,3,1
트리플,0,1
트리플,5,1
원더락,4,1
원더락,5,1
원더락,6,1
우체국 스마트뱅킹,5,1
원터치개인 삼성페이,2,1
왓챠플레이,5,1
왓챠플레이,4,1
옥션,2,1
올원뱅크,2,1
텍뷰,1,1
텍뷰,0,1
올레 tv 모바일,5,1
올레 tv 모바일,4,1
올레 tv 모바일,1,1
올레 tv 모바일,0,1
오목,5,1
파일탐색기,4,1
오목,1,1
오먹상점,5,1
오락_OK캐쉬백,6,1
오락_OK캐쉬백,5,1
팝콘티비,0,1
팝콘티비,1,1
팝콘티비,2,1
텍뷰,2,1
텍뷰,4,1
왓챠플레이,2,1
와디즈,5,1
왓챠플레이,0,1
왓챠,6,1
왓챠,5,1
왓챠,4,1
왓챠,3,1
원터치개인 삼성페이,4,1
와디즈,6,1
와디즈,0,1
텍뷰,6,1
웹소설 조아라,5,1
파일노리,4,1
옷잘남,2,1
올원페이	(앱카드),5,1
올원페이	(NH앱카드),6,1
올원페이	(NH앱카드),2,1
올원페이	(NH앱카드),1,1
타이젬 바둑,3,1
타이젬 바둑,2,1
키작은남자,1,1
클리너,2,1
알집,1,1
알송,6,1
알송,3,1
알송,0,1
알바천국,1,1
알바몬,3,1
알바몬,1,1
인쇄 스풀러,1,1
프렌즈팝콘,3,1
알람이,5,1
프렌즈팝콘,4,1
프렌즈팝콘,5,1
프렌즈팝콘,6,1
플레이윙즈,0,1
인쇄 스풀러,4,1
알람이,4,1
플레이윙즈,3,1
알집,3,1
이사만루 2019,6,1
이사만루 2019,0,1
야구친구,1,1
야구친구,5,1
프렌즈타워,0,1
프렌즈팝콘,0,1
이미지 사이즈,4,1
야구친구,3,1
이미지 사이즈,6,1
야구친구,2,1
야구친구,0,1
컴프야2019,4,1
앱 업데이트,1,1
앱 설치 마법사,2,1
애니메이션 사진 위젯,3,1
이미지 용량 줄이기,6,1
애니메이션 사진 위젯,2,1
프렌즈팝콘,1,1
프렌즈팝콘,2,1
알람이,3,1
알람이,2,1
알람이,1,1
컬러노트,6,1
피키캐스트,5,1
컬쳐랜드,4,1
알람/시간,4,1
알람/시간,3,1
알람/시간,2,1
알람/시간,1,1
알람/시간,0,1
컬러노트,5,1
피키캐스트,3,1
컬러노트,4,1
컬러노트,1,1
정부24,0,1
피키캐스트,6,1
커플릿,6,1
커플릿,5,1
알라딘,1,1
피키캐스트,4,1
피키캐스트,2,1
인쇄 스풀러,6,1
자산관리,1,1
플레이윙즈,4,1
피망 뉴맞고,0,1
피망 뉴맞고,1,1
피망 뉴맞고,3,1
피망 뉴맞고,4,1
인터파크,4,1
피망 뉴맞고,5,1
피망 뉴맞고,6,1
전광판 LED,1,1
피키캐스트,0,1
피키캐스트,1,1
알람이,0,1
잠금화면 설정,0,1
알람몬,5,1
원더락,0,1
잠금화면 설정,2,1
야놀자,2,1
야놀자,3,1
컴프야2019,6,1
업비트,6,1
에브리싱,4,1
퓨처파이트,2,1
에뛰드하우스,6,1
에뛰드하우스,5,1
에뛰드하우스,0,1
퓨처파이트,4,1
퓨처파이트,5,1
업비트,5,1
퓨처파이트,0,1
콴다 선생님,6,1
업비트,4,1
업비트,3,1
업비트,2,1
콴다 선생님,5,1
퓨처파이트,6,1
프라이빗 모드,0,1
퓨처파이트,1,1
퀵 비디오 편집기,3,1
음악 플레이어,2,1
에스티엘,3,1
클리너,0,1
클래시 로얄,5,1
에어 커맨드,5,1
에스티엘,6,1
에스티엘,5,1
에스티엘,4,1
클래시 로얄,2,1
에스티엘,2,1
포토스캐너,2,1
클래시 로얄,0,1
크루비,5,1
에스티엘,1,1
에스티엘,0,1
포토 에디터,4,1
크루비,1,1
퀵 비디오 편집기,4,1
프라임 영한한영,3,1
음악 플레이어,4,1
프렌즈타운,3,1
얼리버드 알람,1,1
코인뷰,6,1
얼리버드 알람,2,1
이마트몰,0,1
이마트몰,2,1
이마트몰,4,1
코인뷰,3,1
코인뷰,2,1
얼굴인식 체험판,3,1
콘텐츠 잠금,0,1
어시스턴트,2,1
어시스턴트,1,1
어스,1,1
코인뷰,1,1
코인뷰,0,1
코디북,5,1
야놀자,6,1
얼리버드 알람,3,1
콴다 선생님,0,1
음악 플레이어,5,1
프렌즈타운,2,1
이동거리,3,1
이동거리,5,1
프레젠테이션,5,1
프레젠테이션,6,1
프렌즈레이싱,4,1
프렌즈타운,0,1
이랜드몰,3,1
이랜드몰,5,1
콴다 선생님,1,1
콴다 선생님,4,1
업비트,0,1
콴다 선생님,3,1
콴다 선생님,2,1
업데이트 센터,1,1
얼리버드 알람,5,1
얼리버드 알람,4,1
서울스토어,0,1
0한동,2,1
서머너즈 워,2,1
LightSlinger,6,1
MLB9이닝스19,0,1
MAXIM KOREA HD,2,1
MAXIM KOREA HD,1,1
M-able,0,1
Lysn,6,1
Lysn,2,1
Lysn,1,1
LookPin,0,1
LoL 상점,5,1
LoL 상점,4,1
LoL 상점,3,1
LoL 상점,2,1
LoL 상점,1,1
LoL 상점,0,1
LightSlinger,5,1
MLB9이닝스19,2,1
LightSlinger,4,1
LightSlinger,3,1
Life360,6,1
Life360,5,1
Life360,4,1
Leaone,1,1
Last Arrows,6,1
Last Arrows,5,1
Last Arrows,4,1
Last Arrows,3,1
Lapse,2,1
LIVE스코어,4,1
LIVE스코어,3,1
LIVE스코어,2,1
MLB9이닝스19,1,1
MLB9이닝스19,3,1
LIVE스코어,0,1
Metal Madness,2,1
Most,0,1
MobileCX,4,1
Mobile Print,1,1
Microsoft Launcher,5,1
Microsoft Launcher,4,1
Microsoft Launcher,3,1
Microsoft Launcher,2,1
Microsoft Launcher,1,1
Mi 계산기,2,1
Mi Home,6,1
Mi Home,5,1
Mi Home,0,1
Mi Fit,4,1
Mi Fit,2,1
Metal Madness,1,1
MLB9이닝스19,4,1
Messenger Lite,3,1
Messenger Lite,2,1
Messenger Lite,1,1
Meitu,6,1
Medium,2,1
MangoPlate,1,1
MangoPlate,0,1
MX 플레이어,0,1
MUSINSA,4,1
MUSINSA,3,1
MUSINSA,0,1
MTP 애플리케이션,6,1
MTP 애플리케이션,3,1
MTP 애플리케이션,0,1
LIVE스코어,1,1
LINE,6,1
Skype,4,1
KAIST GenChem,2,1
KB국민카드,6,1
KB국민카드,5,1
KB국민카드,3,1
KB국민카드,2,1
KB국민카드,1,1
KB국민카드,0,1
KBO STATS,6,1
KBO STATS,5,1
KBO STATS,4,1
KBO STATS,3,1
KBO STATS,2,1
KAIST Library,4,1
KAIST GenChem,5,1
KAIST GenChem,3,1
Just Dance Now,4,1
KB스마트원 통합인증,2,1
JAM Live,4,1
JAM Live,1,1
Intra,5,1
Intra,4,1
Intra,3,1
Intra,0,1
InCallUI,4,1
InCallUI,3,1
InCallUI,2,1
InCallUI,1,1
InCallUI,0,1
InBody,5,1
InBody,3,1
InBody,2,1
KB스마트원 통합인증,0,1
KB스마트원 통합인증,4,1
LINE,4,1
KT 멤버십,5,1
LINE,3,1
LINE,2,1
LINE,1,1
LINE,0,1
LH청약센터,5,1
LG 헬스,6,1
LG 앱 이용약관,1,1
L.POINT,5,1
L.POINT,4,1
L.POINT,3,1
L.POINT,2,1
L.POINT,0,1
KT 패밀리박스,5,1
KT 패밀리박스,4,1
KT 멤버십,3,1
KB스마트원 통합인증,6,1
KT 멤버십,2,1
KM플레이어 Pro,1,1
KIA고객앱,5,1
KFTC FIDO LINK,6,1
KFTC FIDO LINK,4,1
KFTC FIDO LINK,3,1
KFTC FIDO LINK,1,1
KFTC FIDO LINK,0,1
KFC,0,1
KEB 하나은행,1,1
KEB 하나은행,0,1
KB앱카드,4,1
KB스타뱅킹,5,1
KB스타뱅킹,3,1
Most,1,1
Most,5,1
Most,6,1
Puffin,2,1
Reddit,2,1
Reddit,1,1
Reddit,0,1
RealCalc,3,1
RadDog,2,1
RX TIMER,3,1
RX TIMER,0,1
Q렌즈,4,1
QuickPic,4,1
QR 코드 스캐너,4,1
QR 코드 스캐너,0,1
Q.Feat,6,1
Q.Feat,3,1
Q.Feat,0,1
Puffin,0,1
Reddit,4,1
Prime Video,4,1
Prime Video,3,1
PowerPoint,3,1
PostPay,3,1
Poly Bridge,2,1
Polaris Office,6,1
Polaris Office,5,1
Pinterest,5,1
Pinterest,4,1
Pinterest,3,1
Pinterest,2,1
Piazza,6,1
Piazza,4,1
Piazza,0,1
Reddit,3,1
Reddit,6,1
My Application1,3,1
Samsung Experience Service,4,1
Settings Suggestions,5,1
Settings Suggestions,1,1
Send Anywhere,0,1
Security Master,4,1
Security Master,3,1
Security Master,2,1
Security Master,1,1
Security Master,0,1
Screen Off Button,0,1
Samsung Pay (Watch plug-in),4,1
Samsung Pass 자동 완성,6,1
Samsung Pass,1,1
Samsung Members,6,1
Samsung Experience Service,6,1
Samsung Experience Service,3,1
Rummikub,1,1
Samsung Experience Service,0,1
Samsung ApexService,1,1
Samsung ApexService,0,1
SSGPAY,6,1
SSG.COM,4,1
SSG.COM,2,1
SR 고속열차,0,1
SOL알리미,2,1
SC제일은행,2,1
Rummikub,6,1
Rummikub,5,1
Rummikub,4,1
Rummikub,3,1
Rummikub,2,1
Piano,5,1
Photo Wonder,5,1
Photo Wonder,0,1
NH콕뱅크,4,1
OP.GG,0,1
OK Cashbag,5,1
OK Cashbag,2,1
OK Cashbag,1,1
Nintendo Switch Online,6,1
Nintendo Switch Online,5,1
NekoSushi,5,1
NekoSushi,4,1
NekoSushi,1,1
Nature Photo Effects,5,1
NUGU,6,1
NUGU,3,1
NUGU,0,1
NH콕뱅크,5,1
NH콕뱅크,1,1
Perfect Viewer,1,1
NH뱅킹,1,1
NH뱅킹,0,1
NFC 서비스,6,1
NFC 서비스,4,1
NFC 서비스,2,1
NFC 서비스,1,1
NFC 서비스,0,1
NFC,6,1
NFC,4,1
NFC,3,1
NFC,1,1
NFC,0,1
NBA,4,1
NBA,2,1
OP.GG,1,1
OP.GG,4,1
OP.GG,5,1
OP.GG,6,1
Perfect Piano,5,1
People edge,2,1
People edge,1,1
Papago,5,1
Papago,3,1
Papago,0,1
POOQ,3,1
PES 2019 PRO EVOLUTION SOCCER,6,1
PES 2019 PRO EVOLUTION SOCCER,5,1
PES 2019 PRO EVOLUTION SOCCER,4,1
PES 2019 PRO EVOLUTION SOCCER,3,1
PES 2019 PRO EVOLUTION SOCCER,2,1
PES 2019 PRO EVOLUTION SOCCER,1,1
PES 2019 PRO EVOLUTION SOCCER,0,1
PAYCO,1,1
PAYCO,0,1
PAIGE,3,1
PAIGE,0,1
OneNote,0,1
OneDrive,3,1
OneDrive,2,1
OneDrive,0,1
OTP,6,1
OTP,5,1
OTP,4,1
OTP,3,1
OTP,2,1
OTP,1,1
OTP,0,1
IV Go,6,1
IV Go,4,1
IV Go,2,1
Avast Mobile Security,6,1
Booking.com,4,1
Booking.com,1,1
Blue Light Filter - Night Mode,5,1
Bloomberg,5,1
Bloomberg,4,1
Bleacher Report,2,1
Bleacher Report,1,1
Bleacher Report,0,1
Bill Letter,4,1
Big Hunter,6,1
Big Finish,2,1
Battery Doctor,1,1
BAND,6,1
B612,0,1
Auto Chess,6,1
Booking.com,6,1
Auto Chess,5,1
Auto Chess,3,1
Auto Chess,2,1
Authentication Framework,5,1
Authentication Framework,4,1
Atomas,3,1
At Bat,3,1
Arduino bluetooth controller,4,1
Arcane Tracker,6,1
Arcane Tracker,5,1
Arcane Tracker,4,1
Arcane Tracker,3,1
Arcane Tracker,2,1
Arcane Tracker,1,1
Booking.com,5,1
Brawl Stars,3,1
DMB,6,1
CYBOS Touch,1,1
Coinnow,6,1
Coinnow,3,1
Class101,2,1
Citymapper,5,1
CashLeaflet,5,1
Canva,1,1
CamScanner,5,1
CamScanner,3,1
Call of Thunder War,6,1
CakeTown,4,1
Cake,2,1
CYBOS Touch,4,1
CYBOS Touch,3,1
CYBOS Touch,2,1
CYBOS Touch,0,1
Brawl Stars,6,1
CNCITY에너지,5,1
CLiP,6,1
CLiP,5,1
CLASSUM,6,1
CLASSUM,4,1
CJ ONE,6,1
CJ ONE,2,1
CJ ONE,1,1
CJ ONE,0,1
CGV포토티켓,5,1
CGV포토티켓,4,1
CGV,5,1
Bubble Shooter,6,1
Briefing,5,1
Arcane Tracker,0,1
Apps edge,4,1
Apps edge,0,1
29CM,2,1
AccuBattery,0,1
AZ Screen Recorder,6,1
AVS,1,1
ANOTHER EDEN,6,1
ANOTHER EDEN,5,1
ANOTHER EDEN,4,1
ANOTHER EDEN,3,1
ANOTHER EDEN,2,1
ANOTHER EDEN,0,1
AIA Vitality T건강걷기,6,1
AIA Vitality T건강걷기,4,1
AIA Vitality T건강걷기,1,1
AIA Vitality T건강걷기,0,1
4shared,6,1
29CM,1,1
App Lock,1,1
1km,3,1
1km,2,1
11번가,5,1
10000!,6,1
10000!,5,1
10000!,4,1
10000!,3,1
10000!,2,1
10000!,0,1
1.1.1.1,6,1
1.1.1.1,5,1
1.1.1.1,4,1
1.1.1.1,3,1
1.1.1.1,2,1
AccuBattery,6,1
AdGuard,1,1
AdGuard,3,1
AfreecaTV,1,1
App Lock,0,1
Amazon Shopping,1,1
Amazon Kindle,4,1
Always-on display,4,1
Always-on display,3,1
Always-on display,2,1
Always On Display,0,1
Alipay,3,1
AliExpress,5,1
AliExpress,1,1
AliExpress,0,1
AirVisual,6,1
AirVisual,4,1
AirVisual,3,1
AirVisual,2,1
AirVisual,1,1
AirMapKorea,5,1
AirBattery,6,1
AirBattery,5,1
AirBattery,4,1
AirBattery,3,1
AirBattery,2,1
AirBattery,1,1
AirBattery,0,1
AhnLab V3 Mobile Security,3,1
AhnLab V3 Mobile Security,2,1
AhnLab V3 Mobile Plus 2.0,1,1
AfreecaTV,3,1
AfreecaTV,2,1
Cut+Mix Studio,6,1
DU Speed Booster,4,1
HwModuleTest,3,1
Free DS For Android 6,5,1
Galaxy Themes,4,1
Galaxy Store,5,1
Galaxy Store,4,1
Galaxy Store,3,1
Galaxy Store,0,1
Galaxy Buds,5,1
Galaxy Buds,4,1
Galaxy Buds,3,1
Galaxy Buds,2,1
Galaxy Buds,1,1
Galaxy Buds,0,1
GGtics,5,1
GGtics,1,1
Frip,5,1
Free DS For Android 6,1,1
Galaxy Wearable,0,1
Forza,6,1
Forza,5,1
Forza,4,1
Forza,3,1
Forza,2,1
Forza,1,1
Forza,0,1
Forest,6,1
Forest,5,1
Forest,4,1
Forest,3,1
Forest,1,1
Follower Analyzer,4,1
FocusMore,6,1
Galaxy Themes,6,1
Galaxy Wearable,1,1
DU 배터리 세이버,0,1
Google 뉴스,4,1
Hue,0,1
Hentoid,0,1
HackersMP3,5,1
HackersMP3,4,1
HackersMP3,3,1
HTV 3.4.6,1,1
HTML 뷰어,1,1
H&M,3,1
H&M,2,1
H&M,1,1
G마켓,4,1
G마켓,3,1
Google 팟캐스트,0,1
Google 뉴스,5,1
Google 뉴스,1,1
Galaxy Wearable,2,1
Google Play 북,2,1
Google Play 뮤직,6,1
Google Play 뮤직,4,1
Google Play 게임,3,1
Google Play 게임,2,1
Google Play 게임,0,1
Google PDF 뷰어,4,1
Google PDF 뷰어,2,1
Google PDF 뷰어,0,1
Genius,3,1
Gear S PlugIn,3,1
Gear S PlugIn,2,1
Galaxy Wearable,5,1
Galaxy Wearable,4,1
FocusMore,5,1
FocusMore,4,1
FocusMore,3,1
EML Reader FREE,0,1
ExpressVPN,6,1
ExpressVPN,5,1
Evernote,1,1
Escape Rooms,6,1
EmergencyManagerService,5,1
EhViewer,0,1
Edge screen,4,1
EXiTS,2,1
ES 파일 탐색기,4,1
ES 파일 탐색기,3,1
ES 파일 탐색기,0,1
EML Reader FREE,6,1
EML Reader FREE,2,1
EML Reader FREE,1,1
Duo,5,1
FocusMore,2,1
Duel Links,3,1
Dropbox,6,1
Dropbox,1,1
Droid-X 3.0,2,1
Droid-X 3.0,1,1
Dreamclass,4,1
Dreamclass,1,1
Draw It,4,1
Dragon Strike: Puzzle RPG,0,1
DraStic,2,1
Doctor Who,5,1
Doctor Who,2,1
DU 배터리 세이버,4,1
DU 배터리 세이버,2,1
EyeFilter,1,1
EyeFilter,3,1
EyeFilter,4,1
EyeFilter,6,1
FocusMore,1,1
FocusMore,0,1
Flipboard,6,1
Flipboard,3,1
Fitbit,2,1
Firefox,5,1
Firefox,0,1
FatSecret,4,1
FatSecret,2,1
FastHub,6,1
FastHub,1,1
FOW.KR,6,1
FOW.KR,5,1
FOW.KR,4,1
FOW.KR,3,1
FOW.KR,2,1
FOW.KR,0,1
FLO,5,1
FIFA Online 4 M,5,1
FIFA Online 4 M,4,1
FIFA Online 4 M,2,1
FIFA Online 4 M,1,1
FIFA Mobile,6,1
FIFA Mobile,4,1
FIFA Mobile,1,1
FANDOM,5,1
FANDOM,4,1
FANDOM,2,1
FANDOM,0,1
Settings Suggestions,6,1
Skyscanner,0,1
서머너즈 워,1,1
롤도우미,5,1
루리웹,2,1
루리웹,1,1
루리웹,0,1
루딘프,1,1
롯데홈쇼핑,4,1
롯데홈쇼핑,2,1
롯데홈쇼핑,0,1
롯데면세점,6,1
롯데면세점,5,1
롯데면세점,3,1
롯데면세점,0,1
롯데리아,6,1
롯데리아,4,1
롯데리아,1,1
롤도우미,0,1
루리웹,4,1
레진코믹스,4,1
레진코믹스,1,1
레진코믹스,0,1
레몬브릿지,6,1
레몬브릿지,2,1
러브데이,5,1
러브데이,4,1
러브데이,1,1
라프텔,0,1
똑똑계산기,6,1
똑똑계산기,5,1
똑똑계산기,3,1
똑똑계산기,2,1
똑똑계산기,1,1
루리웹,3,1
루리웹,5,1
딩굴 키보드,4,1
마이 케이티,0,1
멀티타이머,6,1
맥딜리버리,2,1
만개의 레시피,3,1
마카롱,6,1
마카롱,4,1
마카롱,2,1
마카롱,1,1
마이리틀셰프,6,1
마이리틀셰프,5,1
마이리틀셰프,4,1
마이리틀셰프,3,1
마이리틀셰프,2,1
마이 케이티,5,1
마이 케이티,2,1
마이	홈플러스,4,1
루리웹,6,1
링크 공유,0,1
리브메이트,2,1
리브,6,1
리브,1,1
리브,0,1
리멤버,6,1
리리앤코,6,1
리리앤코,2,1
리리앤코,1,1
리리앤코,0,1
리디북스,6,1
리디북스,5,1
리디북스,2,1
리디북스,0,1
똑똑계산기,0,1
디코드,5,1
Skyscanner,6,1
다방,4,1
당근마켓,3,1
당근마켓,2,1
다이어트신,6,1
다이소몰,6,1
다이소 멤버십,2,1
다음카페,6,1
다음카페,2,1
다음카페,1,1
다음웹툰,5,1
다음사전,4,1
다음,5,1
다음,3,1
다방,6,1
다방,5,1
다방,3,1
대기오염정보,0,1
다방,1,1
다방,0,1
다나와 가격비교,6,1
다나와 가격비교,4,1
다나와 가격비교,3,1
다나와 가격비교,2,1
다나와 가격비교,0,1
네이트,5,1
네이버TV,5,1
네이버TV,1,1
네이버TV,0,1
네이버 클라우드,4,1
네이버 캘린더,3,1
네이버 앱스토어,3,1
당근마켓,6,1
대기오염정보,2,1
디코드,1,1
듀오링고,0,1
디즈니팝,6,1
디즈니팝,5,1
디즈니팝,4,1
디즈니팝,3,1
디즈니팝,2,1
디즈니팝,1,1
디즈니팝,0,1
디시인사이드,6,1
디시인사이드,5,1
디시인사이드,4,1
디바이스 관리,4,1
디바이스 관리,3,1
디바이스 관리,2,1
디바이스 관리,0,1
동영상,1,1
대기오염정보,3,1
동영상,0,1
도돌 런처,6,1
도돌 런처,5,1
도돌 런처,4,1
도돌 런처,3,1
도돌 런처,2,1
도돌 런처,1,1
도돌 런처,0,1
더캠프,2,1
더캠프,1,1
대한항공,3,1
대전버스,3,1
대기오염정보,6,1
대기오염정보,5,1
메가박스,0,1
메가박스,2,1
메가박스,3,1
붕괴3rd,0,1
브롤스타즈,1,1
브로콜리,4,1
브랜디,6,1
브랜디,5,1
브랜디,4,1
브랜디,2,1
브랜디,1,1
브랜디,0,1
붕괴3rd,6,1
붕괴3rd,5,1
붕괴3rd,4,1
붕괴3rd,3,1
붕괴3rd,2,1
붕괴3rd,1,1
부동산	다이어트,2,1
블루투스,4,1
봄 캘린더,2,1
복부 근육 트레이팅,6,1
복부 근육 트레이팅,5,1
복부 근육 트레이팅,4,1
복부 근육 트레이팅,3,1
복부 근육 트레이팅,1,1
복부 근육 트레이팅,0,1
보이스 케어,6,1
보이스 케어,4,1
보안 폴더,6,1
보안 폴더,4,1
보안 폴더,3,1
보안 폴더,1,1
보안 폴더,0,1
블루투스,0,1
비둘기키우기,5,1
메가박스,5,1
삼성 음성 입력,0,1
삼성카드,6,1
삼성카드,4,1
삼성카드,3,1
삼성앱카드,6,1
삼성앱카드,5,1
삼성앱카드,3,1
삼성 키보드 뉴럴 베타,6,1
삼성 키보드 뉴럴 베타,5,1
삼성 키보드 뉴럴 베타,4,1
삼성 키보드 뉴럴 베타,1,1
삼성 클라우드,6,1
삼성 클라우드,3,1
삼성 음성 입력,6,1
삼성 음성 입력,2,1
사전,4,1
비디오,0,1
사전,2,1
사전,0,1
사운드코르셋 튜너 & 메트로놈,3,1
사용자 휴대폰 도우미,1,1
빅토(VicTo) Google,0,1
빅스비 홈,3,1
빅스비 비전,5,1
빅스비 비전,2,1
빅스비 비전,0,1
비주얼 가계부,5,1
비주얼 가계부,4,1
비주얼 가계부,3,1
비주얼 가계부,1,1
비주얼 가계부,0,1
보안,4,1
보안,3,1
보안,2,1
모바일	티머니,4,1
미디어 저장공간,5,1
문서,0,1
무한의 계단,0,1
무비 메이커,4,1
몰테일,2,1
몰테일,1,1
모야모,1,1
모아키 통합키보드,3,1
모아락,5,1
모아락,4,1
모바일교보문고,1,1
모바일교보문고,0,1
모바일	티머니,6,1
모바일	티머니,5,1
메이비베이비,6,1
벽돌깨기 퍼즐,6,1
메이비베이비,5,1
메이비베이비,4,1
메이비베이비,3,1
메이비베이비,2,1
메이비베이비,1,1
메모장,6,1
메모장,4,1
메모장,3,1
메모위젯,1,1
메모G,1,1
메모,5,1
메모,4,1
메모,2,1
메모,0,1
미디어 저장소,2,1
미디어 저장소,3,1
미미박스,2,1
미세미세,0,1
벽돌깨기 퍼즐,5,1
벽돌깨기 퍼즐,4,1
벽돌깨기 퍼즐,3,1
벽돌깨기 퍼즐,1,1
번호안내 서비스,4,1
번호안내 서비스,3,1
번역,4,1
번역,0,1
번개장터,3,1
번개장터,0,1
버즈 런처,6,1
버즈 런처,5,1
버즈 런처,4,1
버즈 런처,3,1
버즈 런처,2,1
버즈 런처,1,1
버즈 런처,0,1
버스타고,4,1
버스타고,2,1
배틀그라운드,1,1
배터리 및 성능,3,1
배달요기요,6,1
배달요기요,2,1
배달요기요,1,1
배경화면,5,1
배경화면,4,1
방치타임,3,1
바비톡,3,1
미세미세,3,1
네이버 스마트보드,3,1
네이버 스마트보드,2,1
네이버 스마트보드,1,1
T전화 통화,5,1
ULike,5,1
ULike,4,1
ULike,3,1
ULike,2,1
ULike,1,1
U-OTP+,6,1
U-OTP+,4,1
U-OTP+,3,1
U-OTP+,1,1
U-OTP+,0,1
U+멤버스,5,1
U+멤버스,2,1
U+멤버스,0,1
U+Box (클라우드),3,1
T전화 통화,4,1
V LIVE,0,1
T전화 통화,3,1
T전화 통화,2,1
T전화 통화,1,1
T전화 통화,0,1
T연락처,6,1
T멤버십,6,1
T멤버십,4,1
Turbo VPN,4,1
Turbo VPN,3,1
Turbo VPN,2,1
Turbo VPN,0,1
Traffic Run!,2,1
Tower Color,6,1
TouchVPN,3,1
ULike,6,1
VIBE,4,1
WeChat,6,1
WSJ,5,1
WeChat,4,1
WeChat,2,1
WeChat,1,1
WeChat,0,1
Walkr,6,1
Walkr,5,1
Walkr,4,1
Walkr,3,1
Walkr,2,1
Walkr,1,1
Walkr,0,1
Wahoo,5,1
Wahoo,2,1
WSJ,6,1
WSJ,2,1
Vingle,5,1
WSJ,1,1
WSJ,0,1
W Concept,6,1
W Concept,3,1
W Concept,2,1
W Concept,0,1
VpnDialogs,5,1
VpnDialogs,3,1
VpnDialogs,2,1
VpnDialogs,0,1
VocalPitchMonitor,2,1
Vivino,3,1
Vivino,2,1
Vivino,0,1
Todoist,6,1
Todoist,5,1
Todoist,4,1
Sound+,5,1
StyleShare,2,1
StyleShare,1,1
StyleShare,0,1
Study,3,1
Steam,4,1
Steam,3,1
Steam,2,1
Steam,0,1
Spotify,6,1
Spotify,5,1
Spotify,3,1
Space Big Bang,0,1
Soundcamp,4,1
Soundcamp,3,1
Sound+,1,1
Todoist,3,1
SongsterrWeb,4,1
Smart​Things,1,1
SmartWorld,1,1
SmartThinQ,6,1
Smart View,6,1
Smart View,5,1
Smart Tools,0,1
SleepTown,6,1
SleepTown,5,1
SleepTown,4,1
SleepTown,3,1
SleepTown,2,1
SleepTown,1,1
SleepTown,0,1
StyleShare,5,1
StyleShare,6,1
Suunto,5,1
Suunto,6,1
Todoist,2,1
Todoist,0,1
TimeTree,5,1
TimeTree,3,1
TimeTree,1,1
TimeBlocks,4,1
The Weather Channel,1,1
The Weather Channel,0,1
TVING,6,1
TVING,5,1
TVING,4,1
TVING,3,1
TVING,2,1
TVING,1,1
TVING,0,1
THE COUPLE,5,1
T 안심,5,1
T 가드,6,1
T 가드,4,1
T 가드,1,1
T world,6,1
T world,0,1
T pay,5,1
S플래너,3,1
S플래너,1,1
S보이스,4,1
S보이스,3,1
S보이스,0,1
Syrup 월렛,1,1
WeChat,5,1
Whale,0,1
네이버 사전,5,1
기본홈(홈&앱서랍),2,1
꼼꼼달력메모,3,1
꼼꼼달력메모,2,1
꼼꼼달력메모,1,1
꼼꼼달력메모,0,1
김과외,4,1
김과외,1,1
김과외,0,1
기억의 신,3,1
기억의 신,2,1
기억의 신,1,1
기본홈(홈&앱서랍),6,1
기본홈(홈&앱서랍),5,1
기본홈(홈&앱서랍),4,1
기본홈(홈&앱서랍),3,1
기본홈(홈&앱서랍),1,1
꽁음따 시즌4,0,1
기본홈(홈&앱서랍),0,1
그린카,2,1
그래핑 계산기 Mathlab,6,1
궁극의 질문,5,1
궁극의 질문,4,1
궁극의 질문,3,1
국제검진센터,5,1
국제검진센터,0,1
국세청 홈택스,4,1
국세청 홈택스,2,1
국세청 홈택스,0,1
과학적인 계산기,2,1
공성삼국: 새 천하를 열다 Red,0,1
고음질 녹음,6,1
꼼꼼달력메모,5,1
나만의 실험실,4,1
Whale,1,1
넌얼마나쓰니,6,1
네이버 사전,4,1
네이버 사전,1,1
네이버 블로그,6,1
네이버 블로그,4,1
네이버 블로그,1,1
네이버 블로그,0,1
네이버 뮤직,6,1
네이버 뮤직,4,1
네이버 뮤직,3,1
네이버 뮤직,2,1
네이버 뮤직,1,1
네이버 뮤직,0,1
네이버 메일,5,1
네이버 메일,2,1
넌얼마나쓰니,5,1
나만의 실험실,5,1
넌얼마나쓰니,3,1
넌얼마나쓰니,1,1
냥코 대전쟁,2,1
냥코 대전쟁,1,1
내 캘린더,5,1
내 캘린더,4,1
내 캘린더,1,1
내 캘린더,0,1
내 멤버십 카드,1,1
나무위키뷰어,6,1
나무위키뷰어,5,1
나무위키뷰어,4,1
나무위키뷰어,1,1
나만의냉장고,5,1
고음질 녹음,5,1
고음질 녹음,2,1
고음질 녹음,1,1
Xodo Docs,0,1
brunch,4,1
brunch,2,1
brunch,1,1
blind,3,1
Zenly,6,1
Zenly,3,1
Zenly,2,1
ZUMO,1,1
Y데이터박스,6,1
Y데이터박스,0,1
Yoga VPN,4,1
Xodo Docs,4,1
Xodo Docs,3,1
Xodo Docs,2,1
X-plore,5,1
고양이는 정말 귀여워,5,1
X-plore,4,1
X-plore,3,1
Workspace,4,1
Workspace,3,1
Word,0,1
WoW BfA Talent Calculator,5,1
WoW BfA Talent Calculator,0,1
WiFi Mouse,4,1
Wi-Fi 다이렉트,4,1
Whale,6,1
Whale,5,1
Whale,4,1
Whale,3,1
Whale,2,1
brunch,5,1
gStrings,2,1
iSafe,1,1
m.Stock,2,1
고양이가 귀여운,5,1
게임툴즈,6,1
가톨릭,1,1
自走棋测试服,6,1
自走棋测试服,3,1
盒马,3,1
手机淘宝,4,1
ミリシタ,6,1
ミリシタ,5,1
ミリシタ,4,1
ミリシタ,3,1
ミリシタ,2,1
ミリシタ,1,1
ミリシタ,0,1
µTorrent,0,1
zet,6,1
timetable-core,6,1
timetable-core,4,1
timetable-core,3,1
timetable-core,1,1
timetable-core,0,1
tbs,3,1
pixiv,3,1
page2,3,1
oksusu,4,1
oksusu,1,1
oksusu,0,1
mVaccine for web,4,1
m.Stock,3,1
히어로칸타레,6,1
