name,hour,user_count
Paco,19,79
Paco,14,79
Paco,18,79
카카오톡,11,79
카카오톡,18,79
카카오톡,17,79
카카오톡,16,79
카카오톡,15,79
카카오톡,12,79
카카오톡,13,78
Paco,13,78
카카오톡,0,78
Paco,17,78
Paco,16,78
카카오톡,14,78
카카오톡,19,78
카카오톡,23,78
카카오톡,20,78
카카오톡,21,78
카카오톡,22,78
카카오톡,10,77
Paco,15,77
Paco,12,77
Paco,21,77
Paco,11,76
Paco,10,76
카카오톡,9,75
Paco,20,75
카카오톡,1,73
Polar Beat,10,71
카카오톡,2,70
Polar Beat,14,66
Polar Beat,12,66
카카오톡,8,65
Polar Beat,22,64
Polar Beat,16,64
Polar Beat,11,64
Polar Beat,21,63
Paco,22,61
설정,12,61
Polar Beat,18,61
Polar Beat,13,60
Polar Beat,17,60
Polar Beat,15,59
메시지,15,59
메시지,16,59
Polar Beat,19,58
메시지,14,58
패키지 설치 프로그램,10,58
설정,10,57
메시지,17,57
메시지,18,57
Logger,10,56
설정,22,55
설정,15,54
Polar Beat,9,53
설정,11,53
Polar Beat,23,53
설정,21,52
카카오톡,3,52
설정,18,51
YouTube,17,51
패키지 설치 프로그램,11,51
메시지,21,51
메시지,11,51
메시지,13,51
패키지 설치 프로그램,22,51
설정,16,50
설정,17,50
메시지,12,49
설정,13,49
시스템 UI,18,49
시스템 UI,17,49
시스템 UI,16,49
시스템 UI,15,49
시스템 UI,22,48
설정,20,48
시스템 UI,0,48
YouTube,20,48
시스템 UI,19,48
Polar Beat,20,48
Chrome,17,48
설정,19,47
Chrome,16,47
Facebook,10,47
접근성,10,47
Facebook,12,47
Facebook,13,47
설정,14,47
패키지 설치 프로그램,12,47
YouTube,19,47
설정,23,46
시스템 UI,21,46
시계,8,46
Logger,22,46
Chrome,14,46
시스템 UI,14,46
Chrome,11,46
시스템 UI,13,46
Logger,11,46
시스템 UI,20,46
YouTube,16,46
시스템 UI,11,46
시스템 UI,12,46
Facebook,11,45
Facebook,18,45
메시지,20,45
Chrome,12,45
패키지 설치 프로그램,17,45
Chrome,15,45
시스템 UI,10,44
YouTube,1,44
Facebook,19,44
YouTube,22,44
Facebook,20,44
설정,9,44
메시지,19,44
메시지,10,44
설정,0,44
패키지 설치 프로그램,21,44
Chrome,19,43
패키지 설치 프로그램,15,43
Facebook,0,43
Facebook,16,43
Chrome,18,43
Facebook,14,43
Logger,12,43
패키지 설치 프로그램,16,43
시스템 UI,23,43
Chrome,20,42
시계,9,42
YouTube,12,42
YouTube,13,42
Facebook,17,42
Logger,17,42
Chrome,10,42
Chrome,13,42
Facebook,23,42
YouTube,21,42
Facebook,21,42
Facebook,22,41
YouTube,11,41
Polar Beat,0,41
패키지 설치 프로그램,14,41
Chrome,22,41
메시지,9,41
시스템 UI,9,41
Logger,15,41
Facebook,15,40
시스템 UI,1,40
Samsung Experience 홈,10,40
Samsung Experience 홈,16,40
Samsung Experience 홈,13,40
YouTube,0,40
YouTube,14,40
YouTube,18,40
Samsung Experience 홈,14,40
카카오톡,4,40
Samsung Experience 홈,11,40
Samsung Experience 홈,12,39
Samsung Experience 홈,21,39
Chrome,1,39
YouTube,2,39
Samsung Experience 홈,22,39
Samsung Experience 홈,20,39
Samsung Experience 홈,23,39
삼성 인터넷,14,39
Samsung Experience 홈,19,39
Samsung Experience 홈,18,39
갤러리,17,39
패키지 설치 프로그램,13,39
Samsung Experience 홈,17,39
카메라,17,39
패키지 설치 프로그램,20,39
Samsung Experience 홈,15,39
갤러리,13,39
Samsung Experience 홈,0,39
Facebook,9,38
카메라,14,38
Chrome,9,38
갤러리,15,38
Logger,21,38
Samsung Experience 홈,1,37
삼성 인터넷,15,37
접근성,22,37
YouTube,10,37
YouTube,15,37
YouTube,23,37
접근성,12,37
Chrome,23,37
카메라,18,37
카메라,15,37
패키지 설치 프로그램,18,37
패키지 설치 프로그램,19,37
Chrome,21,36
시스템 UI,2,36
Samsung Experience 홈,9,36
Samsung Experience 홈,2,36
전화,17,36
전화,15,36
Polar Beat,8,36
패키지 설치 프로그램,0,36
Chrome,2,36
Facebook,1,36
접근성,17,35
삼성 인터넷,17,35
카카오톡,7,35
설정,8,35
갤러리,14,35
삼성 인터넷,21,35
Facebook,2,35
접근성,11,35
전화,20,35
시계,7,34
시스템 UI,8,34
Logger,13,34
삼성 인터넷,13,34
카메라,16,34
Logger,16,34
Facebook,8,34
삼성 인터넷,10,34
갤러리,18,34
카메라,13,34
카메라,19,34
Logger,20,34
전화,18,33
설정,1,33
전화,22,33
갤러리,20,33
메시지,22,33
패키지 설치 프로그램,23,33
시스템 UI,3,33
Logger,14,33
삼성 인터넷,18,33
Samsung Experience 홈,8,33
접근성,15,33
전화,11,33
시계,10,32
전화,21,32
갤러리,22,32
Logger,18,32
Logger,19,32
패키지 설치 프로그램,9,32
YouTube,9,32
Chrome,0,32
Paco,23,32
카메라,21,32
메시지,23,32
삼성 인터넷,22,32
카메라,12,32
삼성 인터넷,9,32
삼성 인터넷,11,32
삼성 인터넷,12,32
시계,2,31
갤러리,21,31
갤러리,19,31
Logger,9,31
메시지,0,31
시계,3,31
접근성,13,31
삼성 인터넷,19,31
Logger,23,30
카메라,22,30
삼성 인터넷,20,30
삼성 인터넷,16,30
전화,16,30
접근성,18,30
접근성,21,30
YouTube,3,30
삼성 인터넷,0,30
설정,2,30
갤러리,12,30
카메라,11,30
전화,12,29
삼성 인터넷,23,29
접근성,23,29
Chrome,3,29
전화,13,29
전화,19,29
Instagram,17,29
접근성,19,29
Samsung Experience 홈,3,29
갤러리,16,29
전화,14,28
삼성 인터넷,1,28
Paco,9,28
접근성,14,28
전화,10,28
접근성,20,28
Instagram,15,28
Instagram,14,28
접근성,0,27
갤러리,23,27
카카오톡,5,27
카메라,20,27
갤러리,10,27
시계,1,27
Facebook,3,27
Instagram,22,27
카메라,10,26
패키지 설치 프로그램,8,26
Samsung Experience 홈,7,26
전화,23,26
캘린더,17,26
갤러리,1,26
카카오톡,6,26
시계,6,25
캘린더,12,25
시계,11,25
갤러리,0,25
Logger,0,25
Paco,0,25
갤러리,11,25
카메라,23,25
Instagram,20,25
Polar Beat,1,25
시계,0,25
Instagram,11,25
Chrome,8,25
삼성 인터넷,3,24
캘린더,16,24
캘린더,15,24
Instagram,12,24
Instagram,13,24
접근성,9,24
Instagram,21,24
Instagram,18,24
Facebook,4,24
접근성,16,24
시계,12,23
Dropsync,15,23
전화,0,23
Logger,8,23
시계,4,23
시계,5,23
원터치알림,11,23
캘린더,23,23
Instagram,16,23
삼성 인터넷,8,23
Google Play 스토어,14,23
Samsung Pay,18,23
기본홈,2,22
기본홈,20,22
기본홈,0,22
기본홈,21,22
YouTube,8,22
시스템 UI,4,22
기본홈,22,22
기본홈,23,22
Google Play 스토어,16,22
갤러리,9,22
접근성,8,22
캘린더,13,22
기본홈,19,22
기본홈,13,22
기본홈,18,22
기본홈,15,22
기본홈,12,22
Samsung Experience 홈,4,22
기본홈,11,22
기본홈,10,22
기본홈,9,22
패키지 설치 프로그램,1,22
KLMS,10,22
기본홈,14,22
기본홈,1,22
기본홈,16,22
기본홈,17,22
네이버 웹툰,0,22
Google Play 스토어,9,22
Google Play 스토어,21,21
Instagram,9,21
캘린더,18,21
Google Play 스토어,13,21
캘린더,21,21
삼성 인터넷,2,21
ABC Logger,17,21
Instagram,1,21
원터치알림,12,21
원터치알림,18,21
전화,1,21
Instagram,23,21
안드로이드 시스템,12,20
메시지,8,20
안드로이드 시스템,18,20
안드로이드 시스템,20,20
Chrome,4,20
Instagram,19,20
캘린더,19,20
YouTube,4,20
Google Play 서비스,10,20
Instagram,0,20
시계,13,20
Google Play 스토어,20,20
Google Play 스토어,23,20
토스,14,20
Google Play 스토어,0,20
원터치알림,17,19
Google Play 스토어,15,19
Google Play 스토어,11,19
토스,17,19
Samsung Pay,17,19
ABC Logger,11,19
Google Play 스토어,19,19
캘린더,22,19
캘린더,10,19
캘린더,11,19
Samsung Pay,12,19
KLMS,9,18
ABC Logger,10,18
Google Play 서비스,14,18
네이버 웹툰,23,18
기본홈,8,18
One UI 홈,9,18
One UI 홈,10,18
One UI 홈,8,18
Samsung Experience 홈,6,18
카메라,1,18
One UI 홈,23,18
기본홈,3,18
One UI 홈,11,18
One UI 홈,13,18
ABC Logger,15,18
One UI 홈,19,18
One UI 홈,20,18
One UI 홈,22,18
One UI 홈,17,18
Instagram,10,18
갤러리,2,18
One UI 홈,21,18
One UI 홈,15,18
One UI 홈,16,18
One UI 홈,14,18
One UI 홈,0,18
메시지,1,18
전화,9,18
캘린더,14,18
One UI 홈,18,18
One UI 홈,12,18
One UI 홈,1,18
카메라,9,17
드라이브,10,17
드라이브,11,17
NAVER,15,17
Dropsync,17,17
Google,22,17
네이버 웹툰,2,17
Dropsync,16,17
네이버 웹툰,1,17
Chrome,7,17
안드로이드 시스템,19,17
Samsung Pay,20,17
T전화,17,17
T전화,11,17
Google Play 스토어,22,17
Google Play 스토어,17,17
Dropsync,21,17
안드로이드 시스템,23,17
안드로이드 시스템,16,17
원터치알림,19,17
원터치알림,16,17
Polar Beat,2,17
시계,21,17
시스템 UI,7,17
메시지,2,17
Google Play 서비스,12,16
안드로이드 시스템,10,16
Instagram,2,16
Polar Beat,3,16
알람/시계,9,16
알람/시계,8,16
YouTube,7,16
T전화,21,16
One UI 홈,2,16
패키지 설치 프로그램,2,16
T전화,22,16
Google Play 스토어,10,16
시계,23,16
원터치알림,14,16
Google,14,16
One UI 홈,3,16
설정,3,16
카메라,0,16
KLMS,13,16
NAVER,21,16
캘린더,20,16
네이버 웹툰,22,16
ABC Logger,13,16
안드로이드 시스템,22,16
시계,14,16
캘린더,8,15
Facebook,7,15
NAVER,16,15
캘린더,0,15
시계,17,15
Google Play 스토어,12,15
KLMS,12,15
ABC Logger,14,15
안드로이드 시스템,14,15
T전화,12,15
NAVER,17,15
Google Play 서비스,16,15
네이버 웹툰,10,15
KLMS,15,15
네이버 지도,17,15
Chrome,5,15
Samsung Experience 홈,5,15
안드로이드 시스템,21,15
네이버 지도,12,15
통화 관리,19,15
Samsung Pay,15,15
KLMS,14,15
캘린더,9,15
T전화,19,14
토스,13,14
T전화,18,14
Paco,1,14
NAVER,11,14
T전화,20,14
NAVER,14,14
시계,15,14
Logger,1,14
ABC Logger,21,14
토스,18,14
통화,11,14
카메라,2,14
네이버 지도,19,14
드라이브,15,14
네이버 웹툰,17,14
NAVER,19,14
Gmail,17,14
Google,1,14
Google,12,14
Google,18,14
Google,21,14
통화 관리,18,14
시계,20,14
시계,22,14
Dropsync,22,14
Microsoft Band,10,14
통화,18,14
통화,17,14
통화,16,14
통화,15,14
Google Play 서비스,19,14
Dropsync,10,14
연락처,14,14
기본홈,5,14
One UI 홈,7,14
접근성,1,14
안드로이드 시스템,13,14
안드로이드 시스템,1,14
연락처,18,14
기본홈,4,14
KLMS,11,13
Samsung Pay,0,13
통화,21,13
안드로이드 시스템,0,13
연락처,21,13
연락처,22,13
네이버 웹툰,14,13
시스템 UI,5,13
삼성 인터넷,4,13
Dropsync,14,13
통화,22,13
날씨,10,13
원터치알림,15,13
원터치알림,13,13
토스,20,13
드라이브,13,13
Google Play 스토어,1,13
Google Play 서비스,23,13
Messenger,19,13
드라이브,9,13
네이버 웹툰,13,13
Google Play 서비스,13,13
Google Play 서비스,9,13
네이버 웹툰,11,13
네이버 지도,18,13
KLMS,16,13
Google,17,13
네이버 지도,14,13
토스,11,13
ABC Logger,22,13
NAVER,18,13
기본홈,7,13
ABC Logger,18,13
원터치알림,22,13
토스,12,13
전화,2,13
T전화,16,13
KLMS,21,13
NAVER,13,13
시계,16,13
안드로이드 시스템,11,13
KAIST	Portal,14,13
T전화,15,13
ABC Logger,12,13
Google Play 서비스,20,12
Messenger,17,12
알람/시계,2,12
Instagram,3,12
Google Play 서비스,18,12
NAVER,12,12
T전화,0,12
시계,18,12
안드로이드 시스템,9,12
NAVER,20,12
네이버 웹툰,12,12
Google,15,12
Google Play 서비스,11,12
안드로이드 시스템,17,12
Samsung Pay,23,12
Samsung Pay,11,12
Messenger,20,12
네이버 웹툰,3,12
Facebook,6,12
네이버 웹툰,19,12
통화 관리,17,12
Samsung Pay,14,12
통화 화면,21,12
Google,13,12
Google,10,12
T전화,23,12
통화,12,12
통화 관리,22,12
드라이브,14,12
ABC Logger,9,12
Dropsync,13,12
안드로이드 시스템,15,12
캘린더,7,12
Samsung Pay,21,12
Chrome,6,12
Google Play 스토어,18,12
YouTube,6,12
One UI 홈,4,12
통화 화면,18,12
YouTube,5,12
Messenger,14,11
KLMS,23,11
네이버 웹툰,21,11
Gmail,10,11
Gmail,11,11
네이버 지도,11,11
KLMS,19,11
통화 화면,19,11
네이버 지도,13,11
Gmail,18,11
통화 화면,12,11
통화 화면,17,11
Samsung Pay,19,11
KLMS,20,11
통화 화면,22,11
Google,19,11
Google,16,11
원터치개인,11,11
Android 시스템,15,11
ABC Logger,20,11
통화,20,11
연락처,16,11
통화,14,11
연락처,13,11
통화,10,11
T전화,14,11
빅스비 보이스,20,11
원터치알림,20,11
계산기,15,11
토스,10,11
연락처,12,11
메시지,3,11
연락처,11,11
Logger,2,11
카메라,8,11
원터치개인,14,11
원터치개인,12,11
Facebook,5,11
갤러리,3,11
T전화,10,11
시스템 UI,6,11
Dropsync,11,11
NAVER,22,11
계산기,11,11
Samsung Pay,10,11
알람/시계,7,11
접근성,2,11
ABC Logger,23,11
삼성 인터넷,7,11
날씨,9,11
네이버 지도,21,11
Google Play 스토어,2,11
Messenger,16,11
NAVER,23,11
원터치알림,1,11
주소록,14,11
주소록,18,11
Dropsync,19,11
캘린더,1,11
Samsung Pay,22,11
Q메모+,14,10
KLMS,18,10
삼성 인터넷,5,10
네이버 지도,16,10
ABC Logger,16,10
Wi-Fi,16,10
빅스비 보이스,14,10
ABC Logger,0,10
Messenger,23,10
빅스비 보이스,0,10
통화 화면,13,10
원터치개인,18,10
날씨,11,10
날씨,12,10
날씨,14,10
통화,23,10
연락처,19,10
연락처,17,10
T전화,13,10
토스,15,10
KAIST	Portal,15,10
KAIST	Portal,13,10
KAIST	Portal,12,10
KAIST	Portal,11,10
NAVER,10,10
NAVER,1,10
Paco,8,10
KAIST	Portal,9,10
계산기,12,10
계산기,16,10
Google Play 서비스,17,10
Gmail,14,10
카카오뱅크,10,10
Gmail,16,10
Google,0,10
네이버 웹툰,15,10
Google,8,10
Google,9,10
Messenger,13,10
Google,20,10
기본홈,6,10
Messenger,12,10
Google,23,10
네이버 웹툰,9,10
통화 관리,23,10
통화 관리,20,10
통화 관리,16,10
통화 관리,12,10
Melon,17,10
Google Play 서비스,15,10
Messenger,11,10
빅스비 보이스,13,10
드라이브,17,10
Android 시스템,11,10
Samsung Pay,1,10
시계,19,10
Samsung Pay,16,10
Dropsync,0,10
Dropsync,12,10
주소록,12,10
Bluetooth,10,10
주소록,17,10
주소록,19,10
알람/시계,10,10
주소록,22,10
Android 시스템,17,10
주소록,21,10
드라이브,12,10
Gmail,9,9
Gmail,12,9
Microsoft Band,17,9
드라이브,22,9
이메일,14,9
네이버 지도,20,9
Microsoft Band,11,9
밥대생,17,9
통화,19,9
통화,13,9
통화,0,9
토스,16,9
에브리타임,19,9
Messenger,18,9
네이버 지도,15,9
Instagram,8,9
Samsung Notes,21,9
KAIST	Portal,10,9
Q메모+,13,9
원터치개인,20,9
T전화,9,9
Google Play 서비스,22,9
Google Play 서비스,21,9
통화 관리,21,9
Gmail,20,9
알람/시계,15,9
Q메모+,11,9
Google,11,9
패키지 설치 프로그램,3,9
Samsung Health,10,9
네이버 웹툰,16,9
Android 시스템,12,9
NAVER,0,9
네이버 웹툰,20,9
통화 화면,11,9
T전화,1,9
Wi-Fi,17,9
Gmail,0,9
NAVER,9,9
Microsoft Health,10,9
통화 화면,23,9
네이버 웹툰,18,9
연락처,10,9
설정,4,9
KLMS,3,9
Paco,2,9
날씨,0,9
Polar Beat,7,9
주소록,15,9
주소록,16,9
주소록,20,9
캘린더,2,9
원터치알림,23,9
주소록,23,9
카카오맵,20,9
Netflix,0,9
빅스비 보이스,19,9
카카오뱅크,16,9
코레일톡,15,9
코레일톡,14,9
계산기,10,9
빅스비 보이스,11,9
게임런처,17,9
게임런처,14,9
날씨,15,9
Messenger,0,9
날씨,20,9
연락처,23,9
내 파일,14,9
Wi-Fi,12,9
연락처,20,9
밥대생,11,8
Melon,10,8
Melon,13,8
Gmail,22,8
연락처,1,8
Melon,15,8
카카오뱅크,12,8
카카오뱅크,20,8
카카오뱅크,11,8
통화 화면,10,8
Melon,16,8
카카오맵,18,8
Melon,19,8
카카오뱅크,18,8
접근성,3,8
Android 시스템,14,8
설정,7,8
통화 화면,16,8
통화 화면,20,8
게임런처,21,8
게임런처,18,8
주소록,11,8
KAIST	Portal,16,8
게임런처,16,8
드라이브,21,8
네이버 지도,1,8
게임런처,13,8
게임런처,12,8
게임런처,11,8
One UI 홈,6,8
네이버 웹툰,8,8
Android 시스템,16,8
Melon,21,8
ABC Logger,19,8
Dropsync,23,8
Dropsync,18,8
원터치개인,16,8
삼성 캡처,17,8
Bluetooth,11,8
Dropsync,2,8
Android 시스템,19,8
Messenger,21,8
Samsung Pay,13,8
통화,1,8
Messenger,10,8
토스,21,8
에브리타임,14,8
Samsung Pay,2,8
Microsoft Band,12,8
원터치알림,10,8
Microsoft Band,14,8
주소록,13,8
Google Play 스토어,8,8
Instagram,4,8
One UI 홈,5,8
Polar Beat,4,8
원터치알림,0,8
Instagram,7,8
우리카드,0,8
Google Play 서비스,1,8
Google Play 서비스,0,8
원터치알림,21,8
통화 관리,14,8
통화 관리,15,8
Android 시스템,18,8
전화,8,8
토스,19,8
한컴오피스 viewer,9,8
드라이브,16,8
이메일,11,8
삼성 인터넷,6,8
ABC Logger,2,8
빅스비 보이스,17,8
Wi-Fi,10,8
빅스비 보이스,23,8
Wi-Fi,11,8
Wi-Fi,22,8
한컴오피스 viewer,16,8
Samsung Pay,9,7
에브리타임,15,7
Melon,20,7
시외버스	모바일,11,7
한컴오피스 viewer,12,7
Q메모+,10,7
음악,11,7
통화 관리,0,7
코레일톡,13,7
빅스비 보이스,1,7
Android 시스템,13,7
한컴오피스 viewer,0,7
코레일톡,10,7
코레일톡,9,7
카카오뱅크,19,7
카메라,3,7
카카오뱅크,21,7
NAVER,3,7
카카오뱅크,22,7
날씨,8,7
Samsung Notes,17,7
쿠팡,21,7
Android 시스템,21,7
Messenger,22,7
카카오맵,13,7
Wi-Fi,21,7
밥대생,18,7
알람/시계,3,7
Netflix,23,7
원터치알림,8,7
Messenger,15,7
Wi-Fi,19,7
Paco,3,7
원터치개인,17,7
Android 시스템,0,7
통화 관리,11,7
Messenger,2,7
통화 관리,13,7
Messenger,1,7
네이버 웹툰,4,7
Microsoft Band,21,7
Samsung Notes,13,7
Microsoft Health,21,7
Android 시스템,23,7
Samsung Notes,14,7
알람/시계,11,7
알람/시계,4,7
계산기,21,7
카카오 T,18,7
게임런처,20,7
전화,3,7
게임런처,19,7
안드로이드 시스템,8,7
음성 녹음,14,7
이메일,9,7
통화 화면,14,7
통화 화면,15,7
이메일,10,7
Dropsync,20,7
게임런처,15,7
빅스비 보이스,12,7
게임런처,10,7
게임런처,9,7
에브리타임,9,7
KLMS,8,7
게임런처,1,7
Q메모+,18,7
드라이브,23,7
원터치알림,2,7
프레젠테이션,11,7
네이버 지도,0,7
지도,15,7
Bluetooth,12,7
Q메모+,12,7
Bluetooth,19,7
연락처,9,7
날씨,21,7
빅스비 보이스,15,7
Gmail,23,7
에브리타임,12,7
원터치개인,22,7
Google,3,7
날씨,19,7
Gmail,19,7
Google,2,7
밥대생,10,7
Gmail,13,7
계산기,17,7
게임런처,23,7
비디오 플레이어,16,7
KAIST	Portal,22,7
원터치개인,19,7
이메일,13,6
빅스비 보이스,21,6
네이버 카페,20,6
Microsoft Band,9,6
삼성 캡처,19,6
CaptivePortalLogin,18,6
삼성 캡처,16,6
원터치개인,15,6
한컴오피스 viewer,10,6
한컴오피스 viewer,23,6
에브리타임,10,6
우리카드,12,6
네이버 카페,18,6
통화,2,6
통화,3,6
빅스비 보이스,22,6
네이버 카페,21,6
Samsung Music,16,6
카카오페이지,18,6
원터치알림,9,6
내 파일,10,6
KAIST	Portal,19,6
KAIST	Portal,20,6
KAIST	Portal,21,6
날씨,23,6
원터치개인,23,6
포토 에디터,17,6
KAIST Library,15,6
날씨,17,6
KAIST Library,19,6
내 파일,13,6
안드로이드 시스템,2,6
내 파일,15,6
내 파일,16,6
내 파일,17,6
KAIST	Portal,17,6
주소록,10,6
토스,0,6
Melon,22,6
Wi-Fi,20,6
Messenger,8,6
벅스,17,6
Messenger,3,6
Netflix,1,6
Samsung Notes,18,6
포토,14,6
한컴오피스 viewer,15,6
한컴오피스 viewer,13,6
날씨,1,6
카카오페이지,17,6
연락처,0,6
Samsung Pay,7,6
Melon,12,6
지도,13,6
내 파일,20,6
Dropsync,1,6
후후,11,6
NAVER,2,6
Paco,4,6
고속버스 모바일,11,6
Google Play 서비스,4,6
Microsoft Health,14,6
Gmail,15,6
Logger,3,6
빅스비 보이스,9,6
알람/시계,17,6
카카오맵,17,6
배달의민족,15,6
Bluetooth,9,6
Q메모+,20,6
알람/시계,1,6
빅스비 보이스,10,6
Netflix,17,6
SODA,23,6
Foodie,18,6
Foodie,19,6
카카오뱅크,15,6
SODA,18,6
빅스비 보이스,16,6
트위터,16,6
코레일톡,16,6
트위터,18,6
알람/시계,12,6
비디오 플레이어,22,6
코레일톡,17,6
네이버 웹툰,7,6
트위터,20,6
코레일톡,22,6
코레일톡,23,6
Google,7,6
네이버 카페,15,6
빅스비 보이스,18,6
알람/시계,16,6
네이버 카페,1,6
배달의민족,1,6
Microsoft Band,16,6
배달의민족,0,6
이메일,15,6
Microsoft Band,20,6
벅스,12,6
배달의민족,20,6
Netflix,13,6
한컴오피스 viewer,19,6
드라이브,20,6
드라이브,18,6
네이버 카페,14,6
네이버 지도,9,6
알람/시계,0,6
KLMS,17,6
내 파일,19,6
Dropsync,3,6
배달의민족,21,6
코레일톡,12,6
메시지,7,6
Google Play 스토어,3,6
트위터,21,6
이메일,12,6
비디오 플레이어,15,6
배달의민족,23,6
Microsoft Band,19,6
캐시워크,11,5
Samsung Pay,4,5
한컴오피스 viewer,21,5
카카오페이지,3,5
접근성,7,5
SODA,21,5
날씨,13,5
캐시워크,10,5
캐시워크,9,5
캐시워크,7,5
계산기,23,5
내 파일,18,5
캐시워크,12,5
한컴오피스 viewer,20,5
날씨,22,5
Polaris Office,10,5
날씨,16,5
후후,18,5
설정,5,5
갤러리,8,5
날씨,18,5
캐시워크,6,5
Slack,18,5
내 파일,9,5
BAND,9,5
지니 뮤직,21,5
지니 뮤직,14,5
게임런처,22,5
계산기,19,5
내 파일,12,5
벅스,13,5
캐시워크,8,5
Android 시스템,22,5
캐시워크,13,5
Netflix,18,5
CaptivePortalLogin,17,5
캐시워크,21,5
캐시워크,22,5
캐시워크,23,5
Netflix,15,5
비디오 플레이어,11,5
쿠팡,11,5
쿠팡,10,5
SNOW,17,5
시외버스	모바일,14,5
스프레드시트,15,5
카카오페이지,1,5
Netflix,14,5
KLMS,0,5
Netflix,8,5
KLMS,22,5
Wi-Fi,9,5
우리카드,11,5
지도,11,5
프레젠테이션,10,5
지도,12,5
지도,16,5
배달의민족,19,5
비디오 플레이어,1,5
캐시워크,20,5
한컴오피스 viewer,14,5
카카오맵,14,5
Samsung Pay,8,5
캐시워크,14,5
캐시워크,15,5
캐시워크,16,5
코레일톡,18,5
카카오뱅크,17,5
코레일톡,21,5
쿠팡,19,5
카카오뱅크,14,5
캐시워크,17,5
벅스,21,5
캐시워크,18,5
파일,22,5
LoL 프렌즈,16,5
우리카드,17,5
뱅크샐러드,17,5
카카오뱅크,1,5
벅스,16,5
벅스,15,5
카카오맵,22,5
Logger,4,5
카카오맵,19,5
캐시워크,19,5
음성 녹음,18,5
벅스,22,5
YouTube Music,15,5
BAND,15,5
원터치개인,10,5
Bluetooth,13,5
네이버 카페,17,5
비디오 플레이어,23,5
YouTube Music,8,5
원스토어,17,5
Android 시스템,10,5
통화,9,5
YouTube Music,11,5
트위터,8,5
통화 관리,10,5
원터치개인,1,5
YouTube Music,14,5
에브리타임,13,5
Microsoft Health,22,5
Q메모+,23,5
Samsung Music,12,5
YouTube Music,16,5
YouTube Music,17,5
YouTube Music,18,5
원터치개인,0,5
YouTube Music,19,5
Samsung Music,17,5
YouTube Music,20,5
Q메모+,22,5
Gmail,8,5
패키지 설치 프로그램,7,5
삼성 캡처,10,5
Samsung Music,0,5
Samsung Music,21,5
ABC Logger,3,5
Google Play 서비스,8,5
배달의민족,18,5
패키지 설치 프로그램,5,5
패키지 설치 프로그램,4,5
Microsoft Health,13,5
NAVER,8,5
삼성 키보드,10,5
알람/시계,5,5
트위터,13,5
Android 시스템,1,5
삼성 캡처,14,5
알람/시계,14,5
트위터,12,5
Samsung Health,22,5
T전화,8,5
Microsoft Band,18,5
트위터,11,5
Foodie,1,5
배달의민족,17,5
트위터,10,5
Gmail,21,5
네이버 카페,11,5
삼성 캡처,12,5
네이버 카페,13,5
Dropsync,9,5
트위터,15,5
이메일,16,5
똑똑가계부,11,5
Gmail,1,5
Wi-Fi,23,5
Melon,14,5
트위터,2,5
Q메모+,19,5
네이버 지도,10,5
알파카,12,5
Foodie,20,5
원터치개인,21,5
Cookie Run: OvenBreak,14,5
카카오페이지,14,5
네이버 지도,23,5
Melon,2,5
네이버 웹툰,5,5
Melon,1,5
카카오 T,21,5
Melon,0,5
전화,4,5
알람/시계,23,5
캐시워크,0,5
T전화,2,5
캐시워크,1,5
Foodie,22,5
드라이브,1,5
캐시워크,2,5
Q메모+,15,5
Q메모+,17,5
원터치알림,3,5
내 파일,22,5
내 파일,21,5
파인더,16,5
Melon,11,5
음성 녹음,19,5
트위터,1,5
Samsung Notes,15,5
똑똑가계부,18,5
알람/시계,20,5
트위터,0,5
비디오 플레이어,20,5
알람/시계,19,5
Samsung Notes,10,5
음성 녹음,20,5
Messenger,4,5
Messenger,9,5
주소록,0,5
토스,1,5
트위터,17,5
똑똑가계부,12,5
트위터,19,5
Samsung Notes,19,5
Samsung Notes,20,5
카메라,7,5
카메라,4,5
음성 녹음,23,5
Melon,18,5
음악,12,5
에브리타임,23,5
원스토어,12,5
Samsung Notes,22,5
포토,15,5
Microsoft Health,11,5
T map,20,4
T map,21,4
비디오 플레이어,21,4
좋은 카메라,19,4
빅스비 보이스,2,4
좋은 카메라,17,4
캐시워크,5,4
좋은 카메라,16,4
Slack,15,4
Word,12,4
Between,13,4
소프트웨어 업데이트,10,4
설정,6,4
좋은 카메라,10,4
AfreecaTV,0,4
밥대생,12,4
원스토어,2,4
원스토어,0,4
벅스,11,4
좋은 카메라,14,4
벅스,10,4
벅스,9,4
빅스비 보이스,6,4
갤러리,4,4
Slack,20,4
지니 뮤직,17,4
밥대생,8,4
지니 뮤직,13,4
CJ ONE,14,4
T map,19,4
비디오 플레이어,14,4
원터치개인,9,4
우리카드,18,4
Bluetooth,14,4
YouTube Music,7,4
Netflix,10,4
YouTube Music,9,4
YouTube Music,12,4
YouTube Music,13,4
우리카드,14,4
YouTube Music,21,4
원터치개인,13,4
Bluetooth,15,4
Bluetooth,23,4
MTP 애플리케이션,14,4
Wi-Fi,18,4
카카오페이지,23,4
카카오페이지,22,4
Microsoft Health,19,4
카카오페이지,21,4
Melon,23,4
카카오페이지,20,4
카카오페이지,16,4
Melon,9,4
카카오페이지,15,4
카카오페이지,2,4
카카오페이지,13,4
카카오페이지,12,4
카카오페이지,10,4
BAND,14,4
Wi-Fi,15,4
캐시워크,3,4
캐시워크,4,4
YouTube Music,0,4
우리카드,3,4
BAND,16,4
캘린더,4,4
T map,18,4
카카오페이지,0,4
Microsoft Health,17,4
원터치개인,3,4
LoL 프렌즈,22,4
Microsoft Health,16,4
LoL 프렌즈,23,4
뱅크샐러드,16,4
T map,17,4
T map,16,4
Microsoft Health,12,4
Netflix,22,4
Netflix,20,4
T map,15,4
Netflix,19,4
비디오 플레이어,19,4
Bluetooth,8,4
소프트웨어 업데이트,0,4
비디오 플레이어,0,4
하나1Q페이,14,4
좋은 카메라,0,4
배달요기요,17,4
Microsoft Band,22,4
Wi-Fi,13,4
BAND,22,4
B612,15,4
배달의민족,22,4
BAND,21,4
Microsoft Band,13,4
좋은 카메라,8,4
배달의민족,12,4
음악,19,4
알파카,13,4
Samsung Notes,0,4
ABC Logger,1,4
똑똑가계부,13,4
네이버 카페,19,4
네이버 카페,16,4
네이버 카페,12,4
TouchWiz 홈,15,4
토스,3,4
트위터,23,4
에브리타임,20,4
Foodie,0,4
에브리타임,18,4
네이버 카페,10,4
토스,9,4
에브리타임,17,4
Samsung Music,20,4
에브리타임,16,4
Samsung Music,19,4
네이버 카페,9,4
알라미,8,4
Samsung Music,15,4
게임런처,0,4
토스,22,4
Samsung Music,11,4
통화,4,4
텔레그램,15,4
네이버 카페,23,4
TouchWiz 홈,16,4
U+ 고객센터,14,4
연락처,15,4
KAIST Library,1,4
SR 고속열차,22,4
KAIST	Portal,18,4
파인더,14,4
Cookie Run: OvenBreak,17,4
Cookie Run: OvenBreak,18,4
The Day Before,12,4
KAIST	Portal,3,4
카카오 T,17,4
KAIST	Portal,0,4
음성 녹음,21,4
The Day Before,19,4
TouchWiz 홈,22,4
TouchWiz 홈,21,4
TouchWiz 홈,20,4
TouchWiz 홈,19,4
TouchWiz 홈,18,4
Discord,1,4
Samsung Notes,16,4
Instagram,6,4
TouchWiz 홈,17,4
똑똑가계부,17,4
Samsung Notes,12,4
통화,8,4
편한가계부,11,4
이메일,20,4
TouchWiz 홈,7,4
Google Play 서비스,2,4
네이버 카페,8,4
Foodie,16,4
Foodie,23,4
트위터,14,4
네이버 웹툰,6,4
통화 화면,0,4
TouchWiz 홈,5,4
통화 화면,9,4
Samsung Health,8,4
Q메모+,21,4
Android 시스템,2,4
Foodie,14,4
패키지 설치 프로그램,6,4
TouchWiz 홈,11,4
TouchWiz 홈,8,4
TouchWiz 홈,9,4
삼성 캡처,13,4
Evernote,15,4
드라이브,0,4
삼성 캡처,3,4
드라이브,19,4
TouchWiz 홈,10,4
네이버 지도,8,4
Google Play 서비스,3,4
TouchWiz 홈,3,4
TouchWiz 홈,14,4
디시인사이드,15,4
편한가계부,9,4
TouchWiz 홈,13,4
이메일,17,4
Samsung Music,1,4
Q메모+,0,4
디시인사이드,23,4
디시인사이드,22,4
디시인사이드,21,4
디시인사이드,18,4
디시인사이드,17,4
TouchWiz 홈,0,4
디시인사이드,14,4
알람/시계,6,4
Google Play 스토어,4,4
디시인사이드,12,4
디시인사이드,11,4
디시인사이드,10,4
디시인사이드,9,4
TouchWiz 홈,1,4
TouchWiz 홈,2,4
TouchWiz 홈,12,4
Samsung Health,17,4
Samsung Health,16,4
Wi-Fi,0,4
포토 에디터,14,4
Q메모+,16,4
지도,14,4
메시지,4,4
음성 녹음,10,4
KAIST Library,14,4
시외버스	모바일,10,4
지니 뮤직,23,4
SNOW,20,4
시외버스	모바일,13,4
시외버스	모바일,15,4
이메일,1,4
시외버스	모바일,17,4
알파카,14,4
시외버스	모바일,19,4
Shutdown Monitor,23,4
소프트웨어 업데이트,17,4
SNOW,18,4
T 안심,4,4
소프트웨어 업데이트,14,4
삼성 캡처,22,4
CLASSUM,14,4
이메일,0,4
음성 녹음,1,4
SNOW,15,4
고속버스 모바일,12,4
코레일톡,11,4
코레일톡,19,4
코레일톡,1,4
벅스,14,4
파일,16,4
계산기,20,4
LG 페이,15,4
계산기,18,4
카카오뱅크,0,4
알파카,15,4
카카오맵,23,4
카카오맵,21,4
VIBE,14,4
VIBE,13,4
카카오맵,15,4
고속버스 모바일,23,4
계산기,14,4
TouchWiz 홈,23,4
지도,18,4
SODA,10,4
KLMS,2,4
계산기,1,4
리마인더,17,4
쿠팡,23,4
쿠팡,0,4
리마인더,14,4
계산기,3,4
Slack,14,4
내 파일,0,4
카카오맵,0,4
알파카,18,4
쿠팡,17,4
내 파일,11,4
파일,0,4
게임런처,3,4
네트워크,12,4
파인더,22,4
안드로이드 시스템,3,4
KAIST Library,17,4
게임런처,2,4
파일 관리자,15,4
리마인더,16,4
벅스,19,4
CaptivePortalLogin,22,4
SNOW,13,4
음성 녹음,12,4
쿠팡,2,4
CaptivePortalLogin,14,4
쿠팡,14,4
CaptivePortalLogin,15,4
KB스타알림,18,4
CaptivePortalLogin,20,4
후후,16,4
KB스타알림,12,4
KB스타알림,11,4
SNOW,14,4
한컴오피스 viewer,18,4
이메일,3,3
후후-유플러스,4,3
원터치개인,8,3
SODA,11,3
SODA,13,3
SODA,14,3
좋은 카메라,7,3
음악,17,3
SODA,16,3
SODA,19,3
좋은 카메라,6,3
SODA,22,3
SR 고속열차,15,3
좋은 카메라,5,3
SR 고속열차,0,3
음악,20,3
좋은 카메라,3,3
Twitch,19,3
OP.GG,20,3
T멤버십,22,3
좋은 카메라,9,3
SNOW,1,3
원스토어 서비스,13,3
카메라,6,3
T멤버십,16,3
SR 고속열차,23,3
원스토어 서비스,12,3
SNOW,11,3
SNOW,12,3
원터치개인,2,3
후후,21,3
삼성 키보드,17,3
SNOW,19,3
좋은 카메라,1,3
좋은 카메라,2,3
SNOW,21,3
좋은 카메라,4,3
SR 고속열차,18,3
Adobe Acrobat,9,3
SNOW,22,3
SODA,0,3
SODA,1,3
삼성 키보드,22,3
Twitch,22,3
Twitch,21,3
Twitch,20,3
후후,10,3
Samsung Music,13,3
11번가,22,3
지도,20,3
카카오맵,11,3
위비톡,13,3
음성 녹음,2,3
Pokémon GO,18,3
T map,10,3
지도,1,3
Shutdown Monitor,22,3
T 안심,3,3
Shutdown Monitor,12,3
Shutdown Monitor,0,3
지도,21,3
카카오 T,22,3
T 안심,8,3
지퍼7,9,3
삼성 캡처,15,3
후후,20,3
Samsung Pay,3,3
음성 녹음,13,3
Polaris Office,9,3
음성 녹음,15,3
음성 녹음,17,3
Polaris Office,14,3
카카오맵,12,3
위메프,0,3
T map,13,3
VIBE,15,3
AIA Vitality T건강걷기,22,3
후후,14,3
접근성,4,3
Slack,10,3
Slack,21,3
지니 뮤직,19,3
지니 뮤직,18,3
지니 뮤직,16,3
지니 뮤직,15,3
지니 뮤직,12,3
지니 뮤직,11,3
VIBE,22,3
VIBE,21,3
카카오뱅크,13,3
지니 뮤직,1,3
Paco,7,3
지니 뮤직,0,3
위메프,1,3
카카오뱅크,9,3
VIBE,17,3
VIBE,16,3
Polaris Office,15,3
전화,5,3
11번가,16,3
좋은 카메라,20,3
Samsung Music,10,3
이메일,21,3
이메일,19,3
이메일,18,3
Samsung Music,3,3
Samsung Health,18,3
Samsung Health,14,3
음악,15,3
Samsung Health,13,3
Samsung Health,12,3
TouchWiz 홈,4,3
The Day Before,0,3
Q메모+,9,3
좋은 카메라,18,3
TouchWiz 홈,6,3
좋은 카메라,15,3
좋은 카메라,13,3
좋은 카메라,12,3
삼성 캡처,11,3
11번가,1,3
삼성 캡처,0,3
좋은 카메라,11,3
Samsung Music,14,3
Samsung Music,18,3
Samsung Music,22,3
좋은 카메라,21,3
The Day Before,1,3
The Day Before,10,3
Polaris Office,19,3
U+ 고객센터,19,3
U+ 고객센터,17,3
T map,2,3
카카오 T,10,3
음악,10,3
카카오 T,8,3
Samsung Notes,23,3
음악,14,3
Samsung Notes,2,3
PASS,10,3
Samsung Music,23,3
T map,0,3
주소록,1,3
Puffin,16,3
카이스트 버스,13,3
Puffin,18,3
좋은 카메라,23,3
좋은 카메라,22,3
SR 고속열차,17,3
고속버스 모바일,20,3
KAIST 전자식복무관리시스템,9,3
Google Play 게임,23,3
트위터,4,3
트위터,3,3
네이버 지도,22,3
GGtics,16,3
CaptivePortalLogin,8,3
Gmail,7,3
Google,4,3
통화 화면,8,3
통화 관리,9,3
트위터,9,3
Google Play 스토어,5,3
Google Play 스토어,6,3
통화 관리,2,3
에브리타임,2,3
에브리타임,11,3
네이버 사전,9,3
ISP/페이북,14,3
토스,2,3
네이버 카페,2,3
Foodie,21,3
CLASSUM,15,3
네이버 캘린더,16,3
스마트택배,11,3
파인더,12,3
파인더,11,3
파인더,10,3
네이버 캘린더,22,3
벅스,20,3
벅스,18,3
네이버 캘린더,17,3
네이버 캘린더,13,3
Foodie,17,3
네이버 카페,22,3
티몬,13,3
티몬,10,3
티몬,0,3
트위터,22,3
Foodie,11,3
Foodie,12,3
Foodie,13,3
신한 쏠(SOL),21,3
네이버 블로그,16,3
텔레그램,17,3
KB스타알림,22,3
쿠팡,13,3
KB스타알림,13,3
KB스타알림,14,3
KB스타알림,15,3
KB스타알림,16,3
KB스타알림,17,3
KB스타알림,19,3
KB스타알림,20,3
쿠팡,12,3
텔레그램,14,3
쿠팡,9,3
쿠팡,8,3
CLASSUM,22,3
KLMS,1,3
KT 멤버십,14,3
KT 멤버십,16,3
CLASSUM,21,3
과학적인 계산기,16,3
쿠팡,15,3
쿠팡,16,3
KB스타알림,2,3
KB스타알림,1,3
Instagram,5,3
프레젠테이션,12,3
프레젠테이션,13,3
프레젠테이션,15,3
에이블리,18,3
KAIST	Portal,1,3
시외버스	모바일,22,3
KAIST Library,0,3
KAIST Library,12,3
KAIST Library,16,3
KAIST Library,20,3
내 파일,23,3
KAIST 전자식복무관리시스템,10,3
내 파일,8,3
시외버스	모바일,16,3
내 파일,1,3
KB스타뱅킹,14,3
파인더,15,3
파인더,17,3
파인더,20,3
Excel,11,3
Evernote,17,3
Evernote,18,3
Evernote,19,3
Evernote,20,3
똑똑가계부,9,3
디바이스 관리,21,3
Evernote,23,3
알람/시계,18,3
Excel,12,3
동영상,17,3
Excel,14,3
똑똑가계부,10,3
Excel,18,3
Discord,21,3
드라이브,8,3
드라이브,3,3
Discord,20,3
Discord,17,3
Evernote,16,3
Evernote,14,3
Evernote,2,3
Evernote,0,3
알라미,17,3
Dropsync,8,3
디시인사이드,20,3
디시인사이드,19,3
디시인사이드,16,3
디시인사이드,13,3
디시인사이드,2,3
디시인사이드,1,3
디시인사이드,0,3
편한가계부,10,3
디바이스 케어,22,3
알라미,16,3
편한가계부,12,3
편한가계부,14,3
알라미,10,3
알라미,9,3
편한가계부,21,3
Discord,15,3
Discord,14,3
Android 시스템,20,3
소프트웨어 업데이트,20,3
파일,23,3
파일,21,3
파일,20,3
야놀자,11,3
파일,17,3
Clean Master,20,3
Clean Master,19,3
빅스비 보이스,7,3
소프트웨어 업데이트,18,3
동영상,11,3
리마인더,10,3
리마인더,11,3
소프트웨어 업데이트,13,3
야놀자,19,3
파일,11,3
리마인더,15,3
네트워크,23,3
네트워크,22,3
다음웹툰,0,3
Cookie Run: OvenBreak,10,3
파일 관리자,9,3
Cookie Run: OvenBreak,12,3
Discord,10,3
FLO,0,3
Discord,8,3
똑똑가계부,20,3
파일 관리자,19,3
알파카,17,3
FLO,14,3
똑똑가계부,22,3
FLO,17,3
Cookie Run: OvenBreak,22,3
Cookie Run: OvenBreak,21,3
Cookie Run: OvenBreak,16,3
FLO,20,3
FLO,21,3
FLO,22,3
Cookie Run: OvenBreak,15,3
Cookie Run: OvenBreak,13,3
CLASSUM,18,3
KAIST	Portal,8,3
Dropbox,19,3
원스토어,1,3
문서,20,3
B612,20,3
LoL 프렌즈,20,3
LoL 프렌즈,18,3
LoL 프렌즈,15,3
LoL 프렌즈,2,3
LoL 프렌즈,0,3
AfreecaTV,19,3
B612,14,3
Between,20,3
소프트웨어 업데이트,11,3
B612,10,3
AfreecaTV,16,3
Between,19,3
계산기,2,3
코레일톡,3,3
원스토어,11,3
계산기,8,3
계산기,9,3
우리카드,23,3
밥대생,16,3
뱅크샐러드,14,3
뱅크샐러드,15,3
Between,15,3
Word,15,3
계산기,22,3
원스토어,14,3
코레일톡,0,3
코레일톡,2,3
Word,13,3
Logger,7,3
문서,22,3
AfreecaTV,20,3
Microsoft Health,20,3
배달의민족,16,3
BAND,1,3
미세미세,13,3
우리카드,21,3
우리카드,20,3
미세미세,17,3
우리카드,19,3
Zenly,18,3
Melon,8,3
MTP 애플리케이션,15,3
MTP 애플리케이션,13,3
미세미세,21,3
우리카드,16,3
하나1Q페이,9,3
oksusu,22,3
Zenly,1,3
YouTube Music,23,3
YouTube Music,22,3
YouTube Music,1,3
AhnLab V3 Mobile Plus 2.0,13,3
비디오 플레이어,17,3
Microsoft Health,0,3
비디오 플레이어,18,3
우리카드,2,3
비디오 플레이어,13,3
비디오 플레이어,12,3
Microsoft Health,9,3
Microsoft Health,15,3
비디오 플레이어,2,3
Between,12,3
계산기,13,3
LG 페이,11,3
고속버스 모바일,0,3
하나1Q페이,18,3
CJ대한통운 택배,12,3
BAND,19,3
LG 페이,19,3
Netflix,16,3
LG 페이,18,3
LG 페이,17,3
시외버스	모바일,2,3
고속버스 모바일,9,3
고속버스 모바일,10,3
벅스,2,3
LG 키보드,12,3
BAND,17,3
Netflix,21,3
LG 페이,10,3
LG 키보드,13,3
Netflix,2,3
고속버스 모바일,22,3
Netflix,3,3
Netflix,4,3
Netflix,5,3
Netflix,11,3
스마트택배,19,3
Netflix,12,3
LG 키보드,17,3
배달의민족,11,3
스마트택배,12,3
스마트택배,13,3
LG 페이,20,3
스프레드시트,21,3
고속버스 모바일,1,3
원스토어,22,3
고속버스 모바일,2,3
NAVER,4,3
원스토어,16,3
코레일톡,20,3
스타벅스,19,3
스타벅스,13,3
NAVER,7,3
시외버스	모바일,0,3
LG 페이,21,3
시외버스	모바일,9,3
CLASSUM,1,3
스프레드시트,19,3
CJ대한통운 택배,20,3
배달의민족,2,3
CJ대한통운 택배,19,3
Wi-Fi,8,3
Between,1,3
카카오페이지,19,3
잠금화면 설정,15,2
러브데이,14,2
러브데이,12,2
러브데이,0,2
밥대생,0,2
밥대생,2,2
배달의민족,3,2
스프레드시트,13,2
밥대생,9,2
배달의민족,13,2
러브데이,1,2
밥대생,20,2
알라미,2,2
배달요기요,15,2
밥대생,23,2
배경화면,1,2
밥대생,15,2
밥대생,14,2
삼성 키보드,12,2
똑똑가계부,14,2
이메일,22,2
똑똑가계부,7,2
삼성 키보드,16,2
이메일,23,2
인쇄 스풀러,0,2
The Day Before,18,2
똑똑가계부,23,2
똑똑가계부,0,2
The Day Before,16,2
The Day Before,15,2
알라미,11,2
똑똑가계부,15,2
잠금화면 설정,11,2
똑똑가계부,16,2
알라미,13,2
똑똑가계부,19,2
알라미,14,2
똑똑가계부,21,2
러브데이,23,2
T world,13,2
안드로이드 시스템,4,2
삼성 캡처,21,2
메모,20,2
신한 쏠(SOL),11,2
신한 쏠(SOL),12,2
신한 쏠(SOL),14,2
메모,14,2
신한 쏠(SOL),16,2
메모,11,2
뱅크샐러드,18,2
신한 쏠(SOL),18,2
메가박스,16,2
문피아,22,2
신한카드,0,2
T 안심,9,2
T 안심,10,2
T 안심,12,2
신한카드,15,2
뱅크샐러드,13,2
신한카드,16,2
T map,14,2
스터디헬퍼,17,2
신한 쏠(SOL),10,2
T 안심,2,2
메모,23,2
신한 쏠(SOL),0,2
T world,16,2
T world,11,2
T world,10,2
접근성,6,2
벅스,8,2
벅스,7,2
벅스,3,2
스마트택배,18,2
스마트택배,20,2
스마트택배,23,2
T world,20,2
시외버스	모바일,12,2
시외버스	모바일,7,2
메모장,18,2
시외버스	모바일,6,2
시외버스	모바일,20,2
알라미,18,2
T world,23,2
시외버스	모바일,23,2
신한카드,19,2
삼성 캡처,18,2
T map,12,2
번역,11,2
문피아,15,2
쏠캘린더,18,2
리브,21,2
쏠캘린더,22,2
T map,1,2
리마인더,22,2
리마인더,21,2
리마인더,18,2
문피아,16,2
문피아,17,2
문피아,19,2
리마인더,12,2
문피아,20,2
리마인더,9,2
문피아,21,2
롯데시네마,17,2
롯데시네마,12,2
롯데리아,11,2
전화,7,2
번역,13,2
삼성 캡처,23,2
쏘카,15,2
T world,12,2
T map,11,2
쏠캘린더,1,2
뱅크샐러드,3,2
뱅크샐러드,1,2
마이 케이티,16,2
마이 케이티,15,2
쏠캘린더,10,2
문서,17,2
문서,18,2
쏠캘린더,12,2
쏠캘린더,16,2
문피아,0,2
문피아,1,2
문피아,2,2
문피아,3,2
벅스,23,2
문피아,4,2
문피아,5,2
문피아,13,2
스마트택배,0,2
Wi-Fi,2,2
알라미,19,2
고속버스 모바일,6,2
올원뱅크,13,2
고음질 녹음,0,2
올원뱅크,16,2
고속버스 모바일,19,2
고속버스 모바일,18,2
고속버스 모바일,17,2
고속버스 모바일,16,2
고속버스 모바일,15,2
고속버스 모바일,13,2
VIBE,18,2
올원뱅크,19,2
올원뱅크,20,2
넌얼마나쓰니,15,2
VIBE,19,2
위메프,18,2
Vivino,18,2
위메프,10,2
올원뱅크,21,2
계산기,4,2
계산기,0,2
게임런처,8,2
게임런처,4,2
소프트웨어 업데이트,12,2
소프트웨어 업데이트,9,2
올원뱅크,11,2
VIBE,12,2
VIBE,11,2
위비뱅크,12,2
넌얼마나쓰니,10,2
연락처,4,2
U+ 고객센터,20,2
연락처,8,2
U+멤버스,17,2
내 파일,3,2
내 파일,2,2
내 캘린더,2,2
날씨,7,2
음성 녹음,11,2
올원뱅크,0,2
과학적인 계산기,15,2
음성 녹음,9,2
음성 녹음,8,2
음성 녹음,5,2
음성 녹음,3,2
과학적인 계산기,14,2
과학적인 계산기,13,2
과학적인 계산기,12,2
ULike,19,2
ULike,22,2
고음질 녹음,16,2
위비톡,9,2
소프트웨어 업데이트,8,2
갤러리,5,2
VpnDialogs,11,2
원격 데스크톱,16,2
YouTube Music,2,2
빅스비 보이스,3,2
빅스비 보이스,4,2
Workspace,9,2
Word,19,2
원스토어,13,2
Word,16,2
Word,11,2
Word,10,2
원스토어,15,2
Word,2,2
원스토어,19,2
원스토어,20,2
원스토어 서비스,22,2
빅스비 홈,22,2
빅스비 홈,19,2
빅스비 홈,12,2
빅스비 비전,17,2
Wi-Fi,14,2
원스토어 서비스,11,2
원스토어 서비스,1,2
Wi-Fi,5,2
Wi-Fi,4,2
YouTube Music,3,2
WeChat,11,2
왓챠,21,2
원격 데스크톱,14,2
왓챠플레이,20,2
소프트웨어 업데이트,3,2
소프트웨어 업데이트,2,2
소프트웨어 업데이트,1,2
비디오 플레이어,5,2
비디오 플레이어,10,2
우리카드,9,2
우리카드,10,2
oksusu,23,2
Wahoo,12,2
Wahoo,13,2
Wahoo,14,2
Wahoo,15,2
oksusu,21,2
우리카드,13,2
원터치알림,5,2
원터치알림,4,2
우리카드,22,2
원터치개인 삼성페이,21,2
oksusu,2,2
oksusu,1,2
Zenly,22,2
Zenly,14,2
여기어때,20,2
넌얼마나쓰니,17,2
알라미,21,2
Twitch,1,2
알바몬,17,2
알송,19,2
당근마켓,21,2
알파카,10,2
다음웹툰,23,2
알파카,16,2
다음웹툰,19,2
다음웹툰,15,2
다음웹툰,13,2
이메일,6,2
Twitch,0,2
이메일,4,2
에이블리,21,2
알파카,22,2
이메일,2,2
다음웹툰,11,2
다음웹툰,3,2
다음웹툰,2,2
Twitch,10,2
다음웹툰,1,2
Twitch,15,2
Twitch,16,2
Twitch,18,2
다음,14,2
알람몬,13,2
동영상,1,2
동영상,12,2
동영상,13,2
디바이스 케어,23,2
디바이스 케어,19,2
디바이스 케어,14,2
디바이스 케어,13,2
디바이스 케어,12,2
디바이스 케어,11,2
디바이스 케어,10,2
번역,14,2
번역,22,2
스마트 닥터,22,2
보안 폴더,19,2
알람/시계,13,2
삼성 캡처,1,2
알람/시계,21,2
알람/시계,22,2
알람몬,2,2
동영상,23,2
동영상,22,2
동영상,20,2
알람몬,9,2
알람몬,10,2
알람몬,11,2
알람몬,12,2
야놀자,12,2
다방,1,2
Twitch,23,2
네이버 카페,3,2
네이버 지도,7,2
에브리타임,0,2
에브리타임,1,2
네이버 지도,2,2
음악,16,2
에브리타임,3,2
에브리타임,8,2
네이버 사전,12,2
네이버 사전,0,2
네이버 블로그,22,2
에브리타임,21,2
네이버 블로그,17,2
에브리타임,22,2
네이버 블로그,14,2
네이버 블로그,10,2
에이블리,0,2
에이블리,11,2
에이블리,13,2
음악,9,2
음악,2,2
네이버 메일,11,2
음성 녹음,22,2
에이블리,20,2
네이버 카페,0,2
음악,18,2
다나와 가격비교,22,2
T전화,3,2
보안 폴더,20,2
T멤버십,10,2
소프트웨어 업데이트,19,2
소프트웨어 업데이트,16,2
소프트웨어 업데이트,15,2
T멤버십,11,2
야놀자,22,2
T멤버십,12,2
T멤버십,14,2
T멤버십,15,2
T멤버십,17,2
네트워크,13,2
T멤버십,18,2
네트워크,10,2
음악,21,2
네이버TV,23,2
네이버TV,12,2
업비트,10,2
네이버TV,2,2
네이버 캘린더,21,2
네이버 캘린더,20,2
네이버 캘린더,12,2
네이버 캘린더,0,2
소프트웨어 업데이트,21,2
네이버TV,1,2
S보이스,14,2
Bluetooth,16,2
Lite,3,2
Lite,2,2
하나1Q페이,0,2
픽테일 - NewYork,17,2
컬쳐랜드,12,2
Bluetooth,0,2
Bluetooth,1,2
컴프야2019,8,2
컴프야2019,12,2
LG 페이,16,2
컴프야2019,14,2
Bluetooth,17,2
컴프야2019,16,2
컴프야2019,18,2
컴프야2019,20,2
Bluetooth,21,2
Bluetooth,22,2
코레일톡,6,2
Between,22,2
Lite,10,2
Between,21,2
Between,18,2
LoL 프렌즈,19,2
LoL 프렌즈,17,2
LoL 프렌즈,14,2
LoL 프렌즈,1,2
Between,10,2
Between,11,2
Between,14,2
Lite,22,2
Lite,21,2
Between,17,2
Lite,19,2
Lite,18,2
Lite,17,2
Lite,16,2
Lite,15,2
Lite,14,2
Lite,13,2
LG 페이,23,2
LG 페이,8,2
Android 시스템,3,2
CJ대한통운 택배,13,2
KB스타알림,8,2
KB스타알림,0,2
쿠팡,18,2
쿠팡,20,2
쿠팡,22,2
KB스타뱅킹,15,2
KB스타뱅킹,13,2
KB스타뱅킹,11,2
CJ대한통운 택배,15,2
Brawl Stars,8,2
프렌즈타운,23,2
CLASSUM,0,2
프렌즈타운,22,2
CLASSUM,10,2
CLASSUM,11,2
CLASSUM,12,2
CLASSUM,13,2
CLASSUM,16,2
KB스타알림,10,2
KB스타알림,23,2
쿠팡,3,2
KFTC FIDO LINK,13,2
LG 키보드,18,2
Brawl Stars,11,2
LG 키보드,8,2
LG 키보드,0,2
Brawl Stars,14,2
Brawl Stars,15,2
Brawl Stars,18,2
Brawl Stars,19,2
Briefing,1,2
Briefing,11,2
Kahoot!,14,2
KT 패밀리박스,23,2
Briefing,17,2
CGV,1,2
KT 멤버십,18,2
KT 멤버십,12,2
쿠팡,1,2
하나1Q페이,15,2
하나1Q페이,16,2
Between,3,2
캐시슬라이드 스텝업,2,2
하스스톤,17,2
Microsoft Health,18,2
Microsoft Band,23,2
Microsoft Band,8,2
Microsoft Band,3,2
Microsoft Band,2,2
캐시슬라이드 스텝업,0,2
캐시슬라이드 스텝업,1,2
캐시슬라이드 스텝업,3,2
Between,0,2
캐시슬라이드 스텝업,4,2
캐시슬라이드 스텝업,5,2
캐시슬라이드 스텝업,6,2
캐시슬라이드 스텝업,7,2
캐시슬라이드 스텝업,8,2
캐시슬라이드 스텝업,9,2
캐시슬라이드 스텝업,10,2
캐시슬라이드 스텝업,11,2
한국장학재단,14,2
한국장학재단,15,2
한국장학재단,16,2
Android 시스템,9,2
OTP,10,2
OP.GG,19,2
OP.GG,11,2
OK Cashbag,17,2
Netflix,9,2
Netflix,7,2
카카오페이지,4,2
카카오페이지,6,2
카카오페이지,8,2
카카오페이지,11,2
카톡 프리뷰,0,2
카톡 프리뷰,1,2
카톡 프리뷰,2,2
카톡 프리뷰,7,2
카톡 프리뷰,8,2
NAVER,6,2
NAVER,5,2
캐시슬라이드 스텝업,12,2
캐시슬라이드 스텝업,13,2
캐시슬라이드 스텝업,14,2
B612,17,2
M-able,15,2
M-able,14,2
M-able,11,2
M-able,10,2
캘린더,3,2
BAND,0,2
Logger,6,2
하나1Q페이,22,2
BAND,8,2
BAND,10,2
BAND,11,2
LoL 프렌즈,21,2
BAND,12,2
하나1Q페이,19,2
BAND,18,2
BAND,20,2
BAND,23,2
B612,19,2
B612,13,2
캐시슬라이드 스텝업,15,2
MTP 애플리케이션,16,2
캐시슬라이드 스텝업,16,2
Auto Chess,13,2
캐시슬라이드 스텝업,17,2
Messenger,7,2
캐시슬라이드 스텝업,18,2
Messenger,5,2
Auto Chess,17,2
캐시슬라이드 스텝업,19,2
캐시슬라이드 스텝업,20,2
캐시슬라이드 스텝업,21,2
Melon,3,2
캐시슬라이드 스텝업,22,2
캐시슬라이드 스텝업,23,2
MX 플레이어,23,2
MX 플레이어,20,2
MX 플레이어,16,2
MTP 애플리케이션,19,2
프렌즈타운,21,2
CLASSUM,19,2
프렌즈타운,19,2
Discord,23,2
Discord,12,2
FatSecret,23,2
Discord,13,2
Discord,16,2
Discord,18,2
Discord,19,2
Discord,22,2
파인더,23,2
편한가계부,22,2
티몬,15,2
편한가계부,18,2
편한가계부,17,2
편한가계부,15,2
파일,12,2
파일,13,2
파일,14,2
Dropbox,9,2
Dropbox,14,2
Discord,11,2
Discord,9,2
포토,1,2
파인더,13,2
Clean Master,17,2
Clean Master,18,2
포토 에디터,18,2
티몬,21,2
포토 에디터,11,2
포토 에디터,1,2
포토 에디터,0,2
포토,23,2
Cookie Run: OvenBreak,1,2
Cookie Run: OvenBreak,2,2
포토,22,2
파인더,0,2
Cookie Run: OvenBreak,11,2
Cookie Run: OvenBreak,19,2
Cookie Run: OvenBreak,23,2
포토,17,2
Discord,0,2
편한가계부,1,2
Dropbox,21,2
Dropsync,4,2
Duel Links,23,2
EhViewer,10,2
Evernote,9,2
Evernote,10,2
Evernote,11,2
Evernote,12,2
Evernote,13,2
Evernote,21,2
Evernote,22,2
Excel,13,2
Excel,15,2
Excel,19,2
Excel,21,2
Excel,22,2
Excel,23,2
FIFA Mobile,23,2
FIFA Mobile,18,2
FIFA Mobile,0,2
FIFA Online 4 M,14,2
Duel Links,22,2
Duel Links,1,2
Duel Links,20,2
파일 관리자,10,2
FLO,23,2
Duel Links,2,2
Duel Links,3,2
FLO,18,2
FLO,16,2
FLO,15,2
FLO,13,2
파일 관리자,17,2
Duel Links,11,2
Duel Links,12,2
Duel Links,15,2
FLO,1,2
Duel Links,16,2
Duel Links,17,2
Duel Links,18,2
Duel Links,19,2
티몬,16,2
Clean Master,16,2
CLiP,0,2
CaptivePortalLogin,23,2
KAIST 전자식복무관리시스템,8,2
KAIST Library,23,2
KAIST Library,21,2
KAIST Library,18,2
KAIST Library,13,2
CaptivePortalLogin,12,2
CaptivePortalLogin,16,2
CaptivePortalLogin,19,2
KAIST	Portal,23,2
티몬,11,2
KAIST	Portal,2,2
Intra,19,2
Intra,16,2
Intra,15,2
Clean Master,8,2
Intra,11,2
Clean Master,10,2
Clean Master,11,2
CaptivePortalLogin,10,2
KAIST 전자식복무관리시스템,18,2
KAIST 전자식복무관리시스템,19,2
KAIST 전자식복무관리시스템,21,2
프렌즈타운,18,2
프렌즈타운,17,2
CLiP,11,2
프렌즈타운,16,2
프렌즈타운,12,2
프렌즈타운,11,2
프렌즈타운,10,2
프렌즈타운,2,2
프렌즈타운,0,2
크루비,18,2
프레젠테이션,23,2
프레젠테이션,18,2
프레젠테이션,14,2
프레젠테이션,9,2
KB국민카드,15,2
KB국민카드,13,2
CamScanner,15,2
텔레그램,12,2
텔레그램,13,2
텔레그램,16,2
통화 화면,5,2
Google,6,2
Google,5,2
Gmail,3,2
Galaxy Themes,11,2
Galaxy Store,6,2
Clean Master,12,2
Clean Master,13,2
Galaxy Buds,9,2
GGtics,0,2
Clean Master,14,2
트위터,5,2
트위터,6,2
Foodie,15,2
Foodie,10,2
Foodie,9,2
Clean Master,15,2
티몬,8,2
통화 화면,7,2
통화 화면,1,2
텔레그램,18,2
Google Play 뮤직,12,2
토스,4,2
토스,7,2
ISP/페이북,23,2
ISP/페이북,21,2
ISP/페이북,20,2
ISP/페이북,11,2
ISP/페이북,10,2
ISP/페이북,1,2
토스,23,2
Habitica,20,2
Habitica,0,2
G마켓,13,2
G마켓,9,2
Google 뉴스,11,2
Google Play 스토어,7,2
통화 관리,5,2
Google Play 뮤직,18,2
OTP,11,2
Between,16,2
Adobe Acrobat,11,2
카카오 T,0,2
AfreecaTV,3,2
AfreecaTV,10,2
Puffin,19,2
AfreecaTV,17,2
Puffin,13,2
Puffin,12,2
AfreecaTV,18,2
Q메모+,1,2
AfreecaTV,22,2
카카오 T,9,2
PowerPoint,21,2
카카오 T,14,2
PowerPoint,12,2
PowerPoint,10,2
AfreecaTV,1,2
Q메모+,2,2
카카오 T,15,2
SODA,15,2
SR 고속열차,12,2
SR 고속열차,11,2
첫화면 상식,8,2
SR 고속열차,2,2
SODA,20,2
SODA,17,2
SODA,2,2
Q메모+,3,2
SNOW,23,2
SNOW,16,2
SNOW,10,2
SNOW,7,2
SNOW,0,2
Q메모+,4,2
PowerPoint,9,2
카카오 T,16,2
SR 고속열차,16,2
Pokémon GO,9,2
카카오맵,10,2
AhnLab V3 Mobile Plus 2.0,17,2
Pokémon GO,12,2
AhnLab V3 Mobile Plus 2.0,19,2
Pokémon GO,11,2
Pokémon GO,10,2
카카오맵,16,2
AhnLab V3 Mobile Plus 2.0,16,2
Pinterest,16,2
카카오뱅크,2,2
AhnLab V3 Mobile Security,2,2
Papago,18,2
Papago,17,2
Papago,13,2
Pokémon GO,14,2
카카오맵,9,2
Polaris Office,23,2
Polar Beat,5,2
카카오 T,20,2
Polaris Office,13,2
Polaris Office,11,2
카카오맵,1,2
Polaris Office,0,2
Polar Beat,6,2
AfreecaTV,23,2
AhnLab V3 Mobile Plus 2.0,9,2
Pokémon GO,22,2
AhnLab V3 Mobile Plus 2.0,0,2
Pokémon GO,20,2
Pokémon GO,19,2
Pokémon GO,17,2
AhnLab V3 Mobile Plus 2.0,4,2
SR 고속열차,13,2
SR 고속열차,21,2
카카오버스,9,2
지도,19,2
Shutdown Monitor,20,2
지도,5,2
Shutdown Monitor,18,2
지도,10,2
Shutdown Monitor,10,2
지도,17,2
Security Master,22,2
지니 뮤직,22,2
지퍼7,13,2
지하철 노선도,17,2
11번가,0,2
Samsung Pass 자동 완성,16,2
Samsung Pass 자동 완성,14,2
11번가,2,2
지도,0,2
Slack,1,2
지하철종결자,14,2
지그재그,21,2
Steam,20,2
주소록,2,2
주소록,8,2
주소록,9,2
Smart​Things,21,2
Smart​Things,11,2
지니 뮤직,6,2
지니 뮤직,20,2
Slack,19,2
Slack,17,2
Slack,16,2
Slack,13,2
Slack,12,2
Slack,11,2
Samsung Pass 자동 완성,10,2
지하철종결자,15,2
후후,1,2
Samsung Health,0,2
직방,12,2
Samsung Health,15,2
직방,14,2
후후,15,2
직방,17,2
직방,18,2
후후,13,2
Samsung Health,23,2
직방,19,2
직방,21,2
직방,22,2
직방,23,2
후후,12,2
AIA Vitality T건강걷기,21,2
Samsung Health,21,2
직방,11,2
Samsung Pass 자동 완성,1,2
11번가,21,2
11번가,9,2
Samsung Notes,11,2
11번가,11,2
Samsung Notes,8,2
지하철종결자,21,2
후후-유플러스,15,2
11번가,23,2
Samsung Music,2,2
후후-유플러스,10,2
Samsung Notes,3,2
Samsung Notes,1,2
Samsung Music,9,2
Samsung Music,8,2
ABC Logger,8,2
Paco,6,2
FIFA Mobile,12,2
카카오버스,11,2
카카오지하철,10,2
한컴오피스 viewer,8,2
한컴오피스 viewer,11,2
OTP,21,2
Always-on display,18,2
한컴오피스 viewer,3,2
PASS,16,2
PAYCO,21,2
카카오버스,16,2
한컴오피스 viewer,22,2
카카오스탁,10,2
카카오버스,14,2
카카오스탁,13,2
PAYCO,0,2
PASS,23,2
카카오지하철,15,2
PASS,18,2
PASS,20,2
PASS,11,2
아이모,3,1
아이모,8,1
아이모,9,1
아이모,10,1
아이모,11,1
안드로이드 시스템,6,1
스마트 스캔,21,1
포토 에디터,13,1
스마트 스캔,20,1
아이모,12,1
휴대전화,12,1
후후,22,1
휴대전화,11,1
아이모,14,1
안드로이드 시스템,5,1
스마트택배,5,1
숨고,7,1
스마트택배,10,1
한국투자증권,17,1
한국투자증권,18,1
아이디어스,19,1
스마트 스캔,19,1
아이디어스,21,1
아이디어스,23,1
아이모,0,1
아이모,2,1
스마트택배,9,1
아이모,1,1
스마트택배,8,1
후후,17,1
후후,19,1
스마트택배,6,1
아이모,15,1
한국투자증권,21,1
아이모,16,1
아이즈원 프라이빗 메일,22,1
아이즈원 프라이빗 메일,15,1
아이즈원 프라이빗 메일,17,1
아이즈원 프라이빗 메일,18,1
후후-유플러스,1,1
후후-유플러스,2,1
아이즈원 프라이빗 메일,21,1
스마트 스캔,22,1
휴대전화,0,1
후후-유플러스,20,1
후후-유플러스,19,1
후후-유플러스,11,1
한컴오피스 S 뷰어,10,1
안다르,14,1
안다르,15,1
아이즈원 프라이빗 메일,14,1
아이즈원 프라이빗 메일,13,1
한컴오피스 S 뷰어,11,1
아이디어스,17,1
아이모,17,1
스마트명세서,17,1
아이모,18,1
휴대전화,3,1
스마트 스캔,23,1
아이모,19,1
아이모,20,1
후후,23,1
아이모,22,1
아이모,23,1
아이쉐어링,10,1
한컴오피스,20,1
아이쉐어링,22,1
아이즈원 프라이빗 메일,11,1
스터디헬퍼,21,1
아이디어스,14,1
아이디어스,16,1
한국투자증권,16,1
씀,5,1
아만다,0,1
아만다,1,1
아만다,2,1
아만다,3,1
한국장학재단,4,1
퓨처파이트,12,1
퓨처파이트,2,1
퓨처파이트,1,1
호갱노노,17,1
퓨처파이트,0,1
포토스캐너,23,1
포토 에디터,22,1
포토 에디터,20,1
한국장학재단,5,1
한국장학재단,13,1
호갱노노,18,1
퓨처파이트,13,1
쏠캘린더,21,1
쏠캘린더,20,1
스마트택배,14,1
쏠캘린더,6,1
쏠캘린더,9,1
한국장학재단,2,1
호갱노노,8,1
호갱노노,9,1
쏠캘린더,11,1
호갱노노,12,1
쏠캘린더,13,1
쏠캘린더,19,1
쏠캘린더,14,1
쏠캘린더,15,1
퓨처파이트,20,1
호갱노노,13,1
쏠캘린더,17,1
퓨처파이트,15,1
퓨처파이트,14,1
포토 에디터,19,1
수탉 알람시계,21,1
호갱노노,20,1
한국투자	주식,17,1
한국장학재단,17,1
한국장학재단,18,1
한국장학재단,19,1
한국장학재단,22,1
한국장학재단,23,1
한국투자	주식,0,1
한국투자	주식,13,1
아이디어스,9,1
아웃 포커스,12,1
아이디어스,10,1
한국투자	주식,18,1
한국투자	주식,19,1
아이디어스,11,1
한국투자	주식,22,1
휴대전화,14,1
서울스토어,23,1
후후,9,1
후후,4,1
아만다,7,1
아만다,16,1
아만다,8,1
아만다,9,1
아만다,10,1
아만다,12,1
아만다,14,1
아만다,15,1
숨고,0,1
아만다,17,1
아만다,21,1
화해,17,1
후후,0,1
숨고,2,1
아만다,18,1
아만다,19,1
아만다,20,1
후후,3,1
스마트 스캔,18,1
휴대전화,17,1
스마트 스캔,17,1
숨고,21,1
페이트/그랜드오더,11,1
히어로칸타레,16,1
삼성앱카드,23,1
페이트/그랜드오더,10,1
페이트/그랜드오더,9,1
페이트/그랜드오더,8,1
히어로칸타레,17,1
페이트/그랜드오더,5,1
페이트/그랜드오더,4,1
페이트/그랜드오더,3,1
페이트/그랜드오더,2,1
페이트/그랜드오더,1,1
페이트/그랜드오더,0,1
펀드슈퍼마켓,6,1
숨고,22,1
스마트 스캔,0,1
스마트 스캔,1,1
삼성앱카드,15,1
스마트 스캔,2,1
숨고,18,1
페이트/그랜드오더,19,1
삼성카드,13,1
페이트/그랜드오더,18,1
스마트 스캔,8,1
페이트/그랜드오더,17,1
숨고,19,1
페이트/그랜드오더,16,1
페이트/그랜드오더,14,1
숨고,20,1
페이트/그랜드오더,13,1
페이트/그랜드오더,12,1
스마트 스캔,7,1
삼성카드,10,1
스마트 스캔,5,1
삼성앱카드,22,1
삼성앱카드,14,1
스마트 스캔,16,1
팟빵,12,1
팟빵,9,1
팟빵,8,1
팟빵,7,1
히어로칸타레,21,1
팟빵,6,1
팟빵,5,1
팟빵,2,1
팟빵,1,1
스냅스,15,1
팟빵,0,1
스냅스,18,1
팝콘티비,23,1
팝콘티비,22,1
팝콘티비,21,1
팝콘티비,20,1
팟빵,11,1
팟빵,13,1
한컴오피스 S 뷰어,14,1
팟빵,14,1
히어로칸타레,19,1
히어로칸타레,20,1
삼성앱카드,12,1
팟빵,20,1
팟빵,18,1
삼성앱카드,9,1
삼성 키보드 뉴럴 베타,19,1
팟빵,16,1
스마일페이,13,1
스냅스,3,1
알람몬,0,1
알람몬,1,1
스냅스,23,1
스냅스,4,1
팟빵,15,1
스마트 스캔,9,1
페이트/그랜드오더,20,1
페이트/그랜드오더,21,1
알라미,1,1
알라미,3,1
알라미,5,1
포토,3,1
포토,2,1
서울스토어,22,1
포토,0,1
포코포코,13,1
스마트 스캔,14,1
스마트 스캔,13,1
서울스토어,10,1
서머너즈 워,23,1
서머너즈 워,10,1
휴대전화,20,1
휴대전화,21,1
휴대전화,22,1
포토,9,1
알라미,0,1
숨고,17,1
알라딘,10,1
휴대전화,15,1
포토,21,1
포토,20,1
휴대전화,16,1
퓨처파이트,21,1
숨고,9,1
포토,19,1
스마트 스캔,15,1
휴대전화,18,1
포토,16,1
포토,13,1
포토,12,1
포토,11,1
포토,10,1
숨고,12,1
스마트 스캔,12,1
휴대폰,14,1
휴대폰 인증서 서비스,19,1
편한가계부,23,1
삼성카드,19,1
알라미,20,1
펜타스톰,23,1
알라미,22,1
알람/시간,2,1
알람/시간,4,1
알람/시간,7,1
알람/시간,9,1
알람/시간,12,1
숨고,14,1
펜타스톰,22,1
페이트/그랜드오더,22,1
숨고,15,1
스마트 스캔,10,1
삼성카드,18,1
편한가계부,0,1
숨고,13,1
히어로칸타레,14,1
히어로칸타레,9,1
알라미,6,1
히어로칸타레,1,1
알라미,7,1
편한가계부,20,1
편한가계부,19,1
히어로칸타레,3,1
히어로칸타레,10,1
알라미,15,1
히어로칸타레,11,1
스마트 스캔,11,1
알라미,12,1
히어로칸타레,12,1
편한가계부,13,1
히어로칸타레,13,1
쏠캘린더,2,1
쏘카,11,1
쏠캘린더,0,1
피키캐스트,17,1
피트니스,18,1
피키캐스트,23,1
피키캐스트,22,1
피키캐스트,21,1
피키캐스트,20,1
피키캐스트,19,1
피키캐스트,18,1
피키캐스트,16,1
해피스크린,17,1
피키캐스트,15,1
피키캐스트,14,1
성경일독Q,13,1
성경일독Q,12,1
한컴오피스 viewer,2,1
소프트웨어 업데이트,22,1
성경일독Q,11,1
픽테일 - NewYork,3,1
픽테일 - NewYork,13,1
픽테일 - NewYork,14,1
한컴오피스 viewer,4,1
스타벅스,14,1
스타벅스,12,1
하나1Q페이,13,1
하나1Q페이,12,1
스타벅스,10,1
하나1Q페이,11,1
한컴오피스 viewer,7,1
슬립 베터,11,1
하나1Q페이,10,1
슬립 베터,12,1
한컴오피스 viewer,6,1
슬립 베터,13,1
슬립 베터,14,1
핑크다이어리,23,1
핑크다이어리,19,1
피키캐스트,13,1
피키캐스트,12,1
수탉 알람시계,2,1
피키캐스트,1,1
피키캐스트,0,1
성경일독Q,7,1
스카이피플,19,1
스카이피플,18,1
해피스크린,16,1
시리즈,18,1
피망 뉴맞고,22,1
시리즈,19,1
피망 뉴맞고,21,1
수탉 알람시계,8,1
스카이피플,16,1
피망 뉴맞고,20,1
피망 뉴맞고,18,1
수탉 알람시계,9,1
피망 뉴맞고,15,1
성경일독Q,8,1
피키캐스트,2,1
수탉 알람시계,3,1
시리즈,14,1
수탉 알람시계,4,1
피키캐스트,11,1
스카이피플,23,1
피키캐스트,10,1
피키캐스트,9,1
피키캐스트,8,1
수탉 알람시계,7,1
피키캐스트,7,1
피키캐스트,6,1
피키캐스트,5,1
성경일독Q,10,1
피키캐스트,4,1
피키캐스트,3,1
성경일독Q,9,1
시리즈,11,1
해피스크린,15,1
스타벅스,15,1
해피스크린,14,1
해피스크린,5,1
하나카드,17,1
성경일독Q,23,1
성경일독Q,22,1
성경일독Q,21,1
하나멤버스,15,1
하나멤버스,12,1
성경일독Q,20,1
성경일독Q,19,1
성경일독Q,18,1
하나1Q페이,23,1
스프레드시트,10,1
성경일독Q,17,1
해피스크린,6,1
하나1Q페이,21,1
해피스크린,7,1
하나카드,3,1
하나카드,14,1
스터디헬퍼,16,1
해피스크린,3,1
스터디헬퍼,23,1
하나카드,15,1
스텔라 브라우저,22,1
해먹남녀,18,1
해커스인강	챔프스터디,11,1
해피스크린,0,1
소프트웨어 업데이트,6,1
스터디헬퍼,18,1
소프트웨어 업데이트,5,1
소프트웨어 업데이트,4,1
해피스크린,1,1
해피스크린,2,1
스트리트 뷰,13,1
스트리트 뷰,15,1
스프레드시트,9,1
스프레드시트,12,1
스프레드시트,14,1
해피스크린,13,1
하스스톤,10,1
해피스크린,9,1
해피스크린,10,1
슬립 베터,7,1
슬립 베터,8,1
한컴오피스 viewer,17,1
슬립 베터,9,1
하스스톤,11,1
해피스크린,11,1
알람몬,3,1
스터디헬퍼,10,1
스터디헬퍼,9,1
스타벅스,20,1
하스스톤,13,1
스타벅스,18,1
해피스크린,12,1
성경일독Q,14,1
슬립 베터,6,1
하나카드,18,1
슬립 베터,5,1
해피스크린,8,1
하나카드,19,1
성경일독Q,16,1
성경일독Q,15,1
스프레드시트,16,1
스프레드시트,17,1
하스스톤,9,1
해먹남녀,17,1
스프레드시트,18,1
하나1Q페이,17,1
스프레드시트,22,1
슬립 베터,0,1
슬립 베터,1,1
슬립 베터,3,1
슬립 베터,4,1
피망 뉴맞고,14,1
피망 뉴맞고,13,1
현대해상,16,1
스마트택배,17,1
헤이카카오,18,1
시크릿라벨,19,1
프렌즈타운,1,1
신한 쏠(SOL),2,1
성경,15,1
신한 쏠(SOL),7,1
프렌즈레이싱,20,1
성경,14,1
피망 뉴맞고,12,1
프레젠테이션,21,1
프레젠테이션,20,1
성경,11,1
신한 쏠(SOL),15,1
프레젠테이션,17,1
프레젠테이션,16,1
신한 쏠(SOL),17,1
프렌즈타운,9,1
성경,16,1
시외버스	모바일,18,1
하스스톤,16,1
성경일독Q,3,1
성경일독Q,2,1
성경일독Q,1,1
성경일독Q,0,1
하스스톤,14,1
프렌즈타운,20,1
헤이카카오,1,1
성경,23,1
스마트택배,21,1
성경,21,1
성경,20,1
하스스톤,15,1
프렌즈타운,15,1
프렌즈타운,14,1
프렌즈타운,13,1
성경,3,1
헬로마켓,2,1
성경,2,1
신한페이판,23,1
실행 프로그램,15,1
실행 프로그램,16,1
실행 프로그램,18,1
싸이메라,15,1
스마트택배,15,1
헬로마켓,15,1
헬로마켓,16,1
싸이메라,23,1
하나카드,16,1
헬로마켓,17,1
현대카드,11,1
하스스톤,19,1
쏘카,20,1
현대해상,3,1
현대해상,12,1
실행 프로그램,11,1
신한페이판,5,1
신한 쏠(SOL),19,1
신한페이판,1,1
헬로마켓,11,1
신한 쏠(SOL),20,1
프레젠테이션,2,1
신한 쏠(SOL),23,1
프라임 영한한영,22,1
스마트택배,16,1
신한카드,2,1
신한카드,3,1
신한카드,11,1
신한카드,12,1
신한카드,13,1
프라이빗 모드,15,1
퓨처파이트,23,1
퓨처파이트,22,1
신한페이판,0,1
헤이카카오,0,1
해피포인트,18,1
해피포인트,15,1
프렌즈팝콘,19,1
시스템 런처,1,1
성경일독Q,4,1
해피스크린,19,1
스카이피플,12,1
시스템 런처,2,1
해피스크린,20,1
스와이프 벽돌깨기,18,1
수탉 알람시계,11,1
스와이프 벽돌깨기,15,1
스와이프,18,1
스마트헌혈,9,1
해피스크린,21,1
해피스크린,22,1
해피스크린,23,1
해피포인트,9,1
시스템 런처,0,1
프렌즈팝콘,20,1
시스템 런처,4,1
프렌즈팝콘,21,1
피망 뉴맞고,11,1
피망 뉴맞고,10,1
스카이피플,13,1
피망 뉴맞고,9,1
피망 뉴맞고,8,1
피망 뉴맞고,0,1
플레이윙즈,18,1
성경일독Q,5,1
플레이윙즈,17,1
플레이윙즈,15,1
플레이윙즈,11,1
해피스크린,18,1
프렌즈팝콘,23,1
프렌즈팝콘,22,1
수탉 알람시계,10,1
시스템 런처,3,1
시스템 런처,6,1
해피포인트,14,1
프렌즈팝콘,17,1
프렌즈팝콘,16,1
프렌즈팝콘,15,1
시외버스	모바일,8,1
프렌즈팝콘,14,1
프렌즈팝콘,12,1
프렌즈팝콘,10,1
프렌즈팝콘,9,1
프렌즈팝콘,3,1
프렌즈팝콘,2,1
해피포인트,12,1
해피포인트,13,1
프렌즈팝콘,1,1
프렌즈팝콘,0,1
프렌즈타워,20,1
스냅스,17,1
시외버스	모바일,3,1
시외버스	모바일,1,1
시스템 런처,8,1
프렌즈팝콘,18,1
시스템 런처,9,1
시스템 런처,10,1
시스템 런처,11,1
시스템 런처,12,1
시스템 런처,13,1
시스템 런처,14,1
시스템 런처,15,1
시스템 런처,16,1
시스템 런처,17,1
시스템 런처,18,1
시스템 런처,19,1
시스템 런처,20,1
시스템 런처,21,1
시스템 런처,22,1
시스템 런처,23,1
한컴오피스 viewer,1,1
에뛰드하우스,20,1
팝콘티비,19,1
캐시슬라이드,9,1
캐시슬라이드,7,1
캐시슬라이드,6,1
캐시슬라이드,5,1
캐시슬라이드,4,1
캐시슬라이드,3,1
캐시슬라이드,2,1
원더락,7,1
원더락,8,1
원더락,9,1
원더락,10,1
원더락,11,1
원더락,12,1
원더락,13,1
원더락,14,1
원더락,15,1
원더락,16,1
원더락,17,1
원더락,18,1
원더락,19,1
원더락,20,1
원더락,21,1
캐시슬라이드,8,1
캐시슬라이드,10,1
원더락,23,1
캐시슬라이드,11,1
원기날씨,11,1
원기날씨,20,1
원기날씨,22,1
원더락,0,1
원더락,1,1
원더락,2,1
원더락,3,1
원더락,4,1
원더락,6,1
캐시슬라이드,23,1
캐시슬라이드,22,1
캐시슬라이드,21,1
캐시슬라이드,20,1
캐시슬라이드,19,1
캐시슬라이드,18,1
캐시슬라이드,17,1
캐시슬라이드,16,1
캐시슬라이드,15,1
캐시슬라이드,14,1
캐시슬라이드,13,1
캐시슬라이드,12,1
원더락,22,1
캐시슬라이드,1,1
카카오지하철,11,1
카카오페이지,5,1
카카오톡 치즈,18,1
카카오톡 치즈,16,1
카카오톡 치즈,11,1
원스토어,23,1
원스토어 북스,10,1
원스토어 서비스,0,1
원스토어 서비스,10,1
카카오택시,22,1
원스토어 서비스,14,1
원스토어 서비스,16,1
원스토어 서비스,17,1
원스토어 서비스,18,1
원스토어 서비스,20,1
카카오택시,13,1
카카오택시,0,1
카카오지하철,23,1
카카오지하철,22,1
카카오지하철,21,1
카카오지하철,18,1
카카오지하철,17,1
카카오지하철,16,1
카카오톡 치즈,23,1
카카오페이지,7,1
캐시슬라이드,0,1
카카오페이지,9,1
카톡 프리뷰,23,1
카톡 프리뷰,22,1
원스토어,3,1
원스토어,10,1
카톡 프리뷰,21,1
카톡 프리뷰,20,1
카톡 프리뷰,19,1
카톡 프리뷰,18,1
카톡 프리뷰,17,1
카톡 프리뷰,16,1
카톡 프리뷰,15,1
카톡 프리뷰,14,1
카톡 프리뷰,13,1
카톡 프리뷰,12,1
카톡 프리뷰,11,1
카톡 프리뷰,10,1
카톡 프리뷰,9,1
원스토어,21,1
카톡 프리뷰,5,1
카톡 프리뷰,4,1
카톡 프리뷰,3,1
원기날씨,8,1
원격 데스크톱,23,1
원격 데스크톱,22,1
커플릿,12,1
커플릿,0,1
캠퍼스팅,22,1
올원페이	(NH앱카드),9,1
캠퍼스팅,21,1
캠퍼스팅,20,1
캠퍼스팅,19,1
캠퍼스팅,18,1
캠퍼스팅,17,1
캠퍼스팅,16,1
캠퍼스팅,15,1
캠퍼스팅,14,1
캠퍼스팅,11,1
캠퍼스팅,3,1
올원페이	(NH앱카드),10,1
캠퍼스팅,1,1
캠퍼스팅,0,1
올원페이	(NH앱카드),11,1
올원페이	(NH앱카드),16,1
올원페이	(NH앱카드),17,1
올원페이	(앱카드),19,1
옷잘남,19,1
커플릿,11,1
커플릿,13,1
원격 데스크톱,21,1
커플릿,14,1
컴프야2019,15,1
컴프야2019,10,1
컴프야2019,9,1
컴프야2019,3,1
컴프야2019,0,1
컬쳐랜드,17,1
올원뱅크,22,1
컬쳐랜드,14,1
컬쳐랜드,13,1
컬쳐랜드,0,1
컬러노트,23,1
올원뱅크,23,1
컬러노트,4,1
컬러노트,0,1
커플릿,21,1
커플릿,20,1
커플릿,19,1
커플릿,18,1
커플릿,17,1
커플릿,16,1
커플릿,15,1
옷잘남,20,1
옷잘남,21,1
와디즈,13,1
와디즈,18,1
캔디카메라,22,1
캔디카메라,21,1
캔디카메라,18,1
캔디카메라,15,1
캔디카메라,11,1
우리카드,15,1
캔디카메라,0,1
우먼스톡,12,1
우먼스톡,18,1
우체국 스마트뱅킹,1,1
우체국 스마트뱅킹,3,1
우체국 스마트뱅킹,4,1
우체국 스마트뱅킹,11,1
우체국 스마트뱅킹,12,1
우체국 스마트뱅킹,19,1
원격 데스크톱,0,1
원격 데스크톱,9,1
원격 데스크톱,10,1
원격 데스크톱,11,1
원격 데스크톱,15,1
원격 데스크톱,17,1
캔디팡:쥬시월드,6,1
우리카드,5,1
우리카드,4,1
왓챠,19,1
와디즈,21,1
왓챠,0,1
왓챠,1,1
왓챠,10,1
왓챠,11,1
왓챠,13,1
왓챠,15,1
왓챠,16,1
왓챠,17,1
왓챠,20,1
우리카드,1,1
왓챠,22,1
왓챠,23,1
왓챠플레이,2,1
왓챠플레이,11,1
왓챠플레이,15,1
왓챠플레이,16,1
왓챠플레이,17,1
요금안내서 Bill Letter,13,1
캘린더,5,1
카카오지하철,13,1
카카오지하철,0,1
컴프야2019,19,1
첫화면 상식,6,1
첫화면 상식,4,1
첫화면 상식,3,1
첫화면 상식,2,1
첫화면 상식,1,1
첫화면 상식,0,1
챌린저스,17,1
착한음악,14,1
착한음악,12,1
삼성 키보드 뉴럴 베타,0,1
직방,16,1
직방,15,1
직방,10,1
직방,5,1
직방,2,1
직방,1,1
이미지 사이즈,18,1
이미지 용량 줄이기,0,1
이미지 용량 줄이기,1,1
이사만루 2019,0,1
이사만루 2019,12,1
이사만루 2019,22,1
첫화면 상식,5,1
이메일,8,1
인쇄 스풀러,10,1
첫화면 상식,7,1
첫화면 상식,18,1
음악 플레이어,23,1
이동거리,9,1
이동거리,18,1
이랜드몰,10,1
첫화면 상식,17,1
첫화면 상식,16,1
첫화면 상식,15,1
첫화면 상식,14,1
첫화면 상식,13,1
이랜드몰,11,1
이랜드몰,16,1
이랜드몰,18,1
이마트몰,16,1
이마트몰,20,1
이마트몰,21,1
첫화면 상식,12,1
첫화면 상식,11,1
첫화면 상식,10,1
첫화면 상식,9,1
이메일,5,1
지하철종결자,22,1
인쇄 스풀러,17,1
카카오스토리,22,1
지퍼7,19,1
지퍼7,16,1
지퍼7,14,1
지퍼7,12,1
지퍼7,8,1
지도,23,1
지도,22,1
지도,6,1
지도,4,1
접근성,5,1
지니 뮤직,10,1
지니 뮤직,9,1
지니 뮤직,7,1
지니 뮤직,3,1
지니 뮤직,2,1
지그재그,23,1
지그재그,19,1
지그재그,18,1
지그재그,16,1
지그재그,2,1
중고나라,19,1
주소록,5,1
지퍼7,18,1
지퍼7,21,1
인쇄 스풀러,21,1
지퍼7 2.0,15,1
인터파크,18,1
자산관리,7,1
지하철종결자,19,1
잠금화면 설정,9,1
지하철종결자,18,1
잠금화면 설정,12,1
지하철종결자,17,1
잠금화면 설정,21,1
잠금화면 설정,23,1
전광판 LED,20,1
전광판 LED,21,1
지하철종결자,13,1
지하철종결자,12,1
지하철종결자,11,1
지하철종결자,9,1
전화,6,1
지하철종결자,8,1
지하철종결자,3,1
지하철종결자,2,1
지하철종결자,0,1
지퍼7 2.0,17,1
첫화면 상식,19,1
첫화면 상식,20,1
음악 플레이어,22,1
카카오버스,13,1
웹소설 조아라,19,1
웹소설 조아라,20,1
카카오버스,10,1
위메프,3,1
위메프,5,1
위메프,6,1
위메프,7,1
위메프,8,1
위메프,9,1
카카오버스,8,1
위메프,11,1
위메프,12,1
위메프,13,1
위메프,14,1
위메프,16,1
카카오버스,0,1
카카오뱅크,23,1
위메프,22,1
위비뱅크,11,1
카카오뱅크,6,1
카카오뱅크,5,1
웹소설 조아라,18,1
카카오버스,15,1
음악 플레이어,13,1
카카오버스,17,1
카카오스토리,21,1
카카오스토리,15,1
카카오스토리,14,1
카카오스토리,10,1
카카오스토리,9,1
원터치개인 삼성페이,11,1
카카오스토리,8,1
카카오스탁,17,1
카카오스탁,16,1
원터치알림,6,1
카카오스탁,15,1
카카오스탁,14,1
카카오스탁,12,1
카카오스탁,11,1
카카오스탁,9,1
카카오스탁,8,1
카카오스탁,7,1
카카오버스,21,1
카카오버스,20,1
카카오버스,19,1
카카오버스,18,1
카카오뱅크,3,1
위비뱅크,15,1
위비뱅크,16,1
위비뱅크,17,1
카이스트 버스,12,1
카이스트 버스,11,1
카이스트 버스,10,1
카이스트 버스,9,1
카이스트 버스,8,1
카이스트 버스,0,1
카이스트 모바일 메일,22,1
카이스트 모바일 메일,20,1
카이스트 모바일 메일,17,1
카이스트 모바일 메일,16,1
카이스트 모바일 메일,15,1
카이스트 모바일 메일,11,1
카이스트 모바일 메일,10,1
카이스트 모바일 메일,9,1
카이스트 모바일 메일,3,1
카메라,5,1
첫화면 상식,23,1
첫화면 상식,22,1
음악,23,1
첫화면 상식,21,1
음악 플레이어,1,1
카이스트 버스,14,1
카이스트 버스,16,1
음악,13,1
카카오맵,8,1
위비뱅크,19,1
위비톡,10,1
위비톡,11,1
위키백과,3,1
위키백과,9,1
윈드러너Z,6,1
유니콘,1,1
유니콘,3,1
음성 녹음,0,1
카카오맵,7,1
카카오 T,1,1
카카오맵,2,1
카카오 T,23,1
음성 녹음,16,1
카카오 T,19,1
카카오 T,12,1
음악,1,1
음악,8,1
카카오 T,11,1
카카오 T,4,1
컴프야2019,17,1
컴프야2019,22,1
알람몬,4,1
파인더,5,1
업비트,17,1
업비트,18,1
파인더,1,1
업비트,19,1
업비트,20,1
티켓링크,22,1
티켓링크,20,1
에뛰드하우스,14,1
에뛰드하우스,15,1
에뛰드하우스,16,1
에뛰드하우스,17,1
에뛰드하우스,19,1
정부24,14,1
티켓링크,16,1
티몬,22,1
티몬,20,1
티몬,19,1
티몬,18,1
티몬,14,1
티몬,3,1
티몬,2,1
파인더,3,1
파인더,7,1
에뛰드하우스,21,1
업비트,16,1
어스,13,1
어시스턴트,9,1
어시스턴트,19,1
얼굴인식 체험판,23,1
얼리버드 알람,2,1
얼리버드 알람,3,1
얼리버드 알람,4,1
얼리버드 알람,9,1
얼리버드 알람,14,1
얼리버드 알람,18,1
파인더,19,1
얼리버드 알람,21,1
업데이트 센터,17,1
업비트,0,1
업비트,8,1
업비트,11,1
파인더,9,1
업비트,12,1
업비트,13,1
업비트,14,1
업비트,15,1
티몬,1,1
트위터,7,1
에어비앤비,20,1
튜브박스,2,1
튜브박스,0,1
통화 화면,6,1
통화 화면,2,1
통화 서비스,21,1
통화 서비스,12,1
통화 서비스,10,1
통화 관리,8,1
통화 관리,6,1
통화 관리,1,1
에브리타임,4,1
통화,6,1
통화,5,1
토스,8,1
토스,6,1
텔레그램,22,1
텔레그램,21,1
텔레그램,20,1
에스티엘,0,1
에스티엘,1,1
에스티엘,2,1
에어 커맨드,21,1
튜브박스,1,1
튜브박스,3,1
트리플,13,1
튜브박스,4,1
트리플,0,1
튜브박스,23,1
튜브박스,22,1
튜브박스,21,1
튜브박스,20,1
튜브박스,19,1
튜브박스,18,1
튜브박스,17,1
튜브박스,16,1
튜브박스,15,1
튜브박스,14,1
튜브박스,13,1
튜브박스,12,1
튜브박스,11,1
튜브박스,10,1
에브리싱,19,1
튜브박스,9,1
튜브박스,8,1
튜브박스,7,1
튜브박스,6,1
튜브박스,5,1
어드벤처,22,1
파인더,21,1
파일,1,1
알람이,7,1
알람이,9,1
알람이,10,1
알람이,11,1
알람이,12,1
알바몬,10,1
알바몬,11,1
팝콘티비,0,1
알바몬,21,1
알바천국,10,1
알송,0,1
알송,2,1
알송,4,1
알송,9,1
알송,11,1
알송,12,1
알송,14,1
알송,16,1
알송,20,1
알송,23,1
알집,9,1
파일탐색기,4,1
알람이,8,1
알람이,6,1
어드벤처,11,1
알람이,5,1
팝콘티비,18,1
알람몬,8,1
팝콘티비,16,1
팝콘티비,15,1
팝콘티비,12,1
팝콘티비,11,1
팝콘티비,10,1
팝콘티비,3,1
팝콘티비,2,1
팝콘티비,1,1
알람몬,14,1
알람몬,15,1
알람몬,16,1
알람몬,17,1
알람몬,18,1
알람몬,19,1
알람몬,20,1
알람몬,21,1
알람몬,22,1
알람몬,23,1
알람이,4,1
알집,11,1
알집,13,1
알집,23,1
알파카,1,1
야구친구,15,1
야구친구,16,1
야구친구,20,1
야구친구,22,1
야구친구,23,1
야놀자,0,1
야놀자,1,1
야놀자,9,1
파일,18,1
파일,15,1
야놀자,13,1
야놀자,14,1
야놀자,17,1
야놀자,20,1
파일,9,1
야놀자,23,1
어드벤처,1,1
어드벤처,5,1
파일,8,1
파일,3,1
어드벤처,10,1
파일,19,1
야구친구,13,1
야구친구,10,1
파일 관리자,20,1
알파카,3,1
알파카,8,1
알파카,9,1
알파카,11,1
파일노리,17,1
파일 보내기 및 받기,19,1
파일 관리자,23,1
파일 관리자,22,1
파일 관리자,21,1
파일 관리자,12,1
야구친구,6,1
알파카,19,1
알파카,20,1
파일 관리자,11,1
애니메이션 사진 위젯,0,1
애니메이션 사진 위젯,18,1
앱 설치 마법사,0,1
파일 관리자,3,1
파일 관리자,2,1
앱 업데이트,17,1
에어비앤비,0,1
에어비앤비,21,1
코디북,20,1
오락_OK캐쉬백,5,1
오락_OK캐쉬백,7,1
오락_OK캐쉬백,8,1
오락_OK캐쉬백,9,1
오락_OK캐쉬백,10,1
오락_OK캐쉬백,11,1
오락_OK캐쉬백,12,1
오락_OK캐쉬백,13,1
오락_OK캐쉬백,14,1
오락_OK캐쉬백,15,1
오락_OK캐쉬백,16,1
오락_OK캐쉬백,17,1
오락_OK캐쉬백,18,1
오락_OK캐쉬백,19,1
오락_OK캐쉬백,20,1
오락_OK캐쉬백,21,1
오락_OK캐쉬백,22,1
오락_OK캐쉬백,23,1
오먹상점,22,1
오목,12,1
퀵 비디오 편집기,11,1
쿠팡,4,1
오락_OK캐쉬백,6,1
오락_OK캐쉬백,4,1
콴다 선생님,19,1
오락_OK캐쉬백,3,1
오늘의집,3,1
오늘의집,4,1
오늘의집,5,1
오늘의집,6,1
오늘의집,9,1
오늘의집,10,1
오늘의집,11,1
오늘의집,12,1
오늘의집,13,1
오늘의집,14,1
오늘의집,15,1
오늘의집,16,1
오늘의집,17,1
오늘의집,18,1
오늘의집,19,1
오늘하루,3,1
오디오클립,9,1
오디오클립,15,1
오락_OK캐쉬백,0,1
오락_OK캐쉬백,1,1
오락_OK캐쉬백,2,1
콴다 선생님,23,1
콴다 선생님,18,1
텍뷰,23,1
코인뷰,22,1
올원뱅크,12,1
코인뷰,20,1
올원뱅크,14,1
코인뷰,19,1
올원뱅크,15,1
코인뷰,18,1
올원뱅크,17,1
코인뷰,17,1
코인뷰,16,1
코인뷰,14,1
코인뷰,13,1
코인뷰,12,1
올원뱅크,18,1
코인뷰,11,1
코인뷰,10,1
코인뷰,9,1
코인뷰,8,1
코인뷰,0,1
코레일톡,8,1
코레일톡,7,1
코레일톡,5,1
코인뷰,21,1
올원뱅크,10,1
콴다 선생님,17,1
올원뱅크,9,1
콴다 선생님,16,1
콴다 선생님,14,1
콴다 선생님,13,1
오목,15,1
오목,18,1
오목,19,1
옥션,13,1
옥션,14,1
올레 tv 모바일,0,1
올레 tv 모바일,5,1
올레 tv 모바일,6,1
올레 tv 모바일,15,1
올레 tv 모바일,16,1
올레 tv 모바일,22,1
콴다 선생님,11,1
콴다 선생님,9,1
콘텐츠 잠금,15,1
코인뷰,23,1
올원뱅크,2,1
올원뱅크,7,1
올원뱅크,8,1
오늘의집,2,1
예스24 도서,10,1
영웅문SG 베타,23,1
연락처,2,1
연락처,5,1
연락처,6,1
타임스프레드,23,1
타임스프레드,22,1
타임스프레드,21,1
타임스프레드,20,1
타임스프레드,19,1
타임스프레드,18,1
타임스프레드,17,1
타임스프레드,16,1
타임스프레드,15,1
타임스프레드,14,1
타임스프레드,13,1
타임스프레드,12,1
타임스프레드,11,1
타임스프레드,10,1
타임스프레드,9,1
타임스프레드,8,1
타임스프레드,7,1
타임스프레드,6,1
타임스프레드,5,1
텍뷰,0,1
텍뷰,12,1
영웅문SG 베타,22,1
텍뷰,13,1
에이블리,1,1
에이블리,2,1
에이블리,3,1
에이블리,9,1
에이블리,12,1
에이블리,14,1
에이블리,15,1
에이블리,16,1
에이블리,17,1
에이블리,19,1
텍뷰,22,1
텍뷰,21,1
에이블리,22,1
에이블리,23,1
여기어때,1,1
여기어때,10,1
여기어때,14,1
텍뷰,16,1
여기어때,15,1
텍뷰,15,1
텍뷰,14,1
타임스프레드,4,1
타임스프레드,3,1
타임스프레드,2,1
타임스프레드,1,1
크루비,22,1
연락처와 다이얼,18,1
연락처와 다이얼,22,1
크루비,11,1
퀵 비디오 편집기,22,1
엽기떡볶이,15,1
엽기떡볶이,16,1
엽기떡볶이,19,1
영웅문S,3,1
영웅문S,11,1
영웅문S,13,1
영웅문S,14,1
영웅문SG 베타,0,1
영웅문SG 베타,8,1
영웅문SG 베타,9,1
영웅문SG 베타,10,1
영웅문SG 베타,14,1
영웅문SG 베타,16,1
영웅문SG 베타,18,1
영웅문SG 베타,20,1
영웅문SG 베타,21,1
클래시 로얄,9,1
클래시 로얄,10,1
클래시 로얄,11,1
타이젬 바둑,1,1
연락처와 다이얼,1,1
타임스프레드,0,1
타이젬 바둑,23,1
타이젬 바둑,21,1
타이젬 바둑,10,1
연락처와 다이얼,10,1
연락처와 다이얼,12,1
연락처와 다이얼,15,1
연락처와 다이얼,16,1
연락처와 다이얼,17,1
클래시 로얄,12,1
타이젬 바둑,0,1
키작은남자,19,1
클리너,16,1
클리너,14,1
클리너,2,1
클래시 로얄,19,1
클래시 로얄,15,1
클래시 로얄,14,1
클래시 로얄,13,1
삼성 키보드 뉴럴 베타,3,1
0한동,11,1
삼성 키보드,23,1
LoL 상점,1,1
LoL 상점,16,1
LoL 상점,14,1
LoL 상점,12,1
LoL 상점,11,1
LoL 상점,9,1
LoL 상점,4,1
LoL 상점,3,1
Lite,23,1
M-able,16,1
Lite,20,1
Lite,12,1
Lite,11,1
Lite,9,1
Lite,8,1
Lite,5,1
Lite,1,1
LoL 상점,18,1
LoL 상점,19,1
LoL 상점,20,1
LoL 상점,22,1
M-able,12,1
M-able,9,1
M-able,8,1
Lysn,21,1
Lysn,18,1
Lysn,16,1
LookPin,13,1
LoL 프렌즈,13,1
LoL 프렌즈,12,1
LoL 프렌즈,11,1
LoL 프렌즈,10,1
LoL 프렌즈,8,1
LoL 프렌즈,4,1
LoL 프렌즈,3,1
LoL 상점,23,1
Lite,0,1
LightSlinger,22,1
LightSlinger,21,1
Lapse,18,1
LIVE스코어,22,1
LIVE스코어,21,1
LIVE스코어,20,1
LIVE스코어,19,1
LIVE스코어,18,1
LIVE스코어,17,1
LIVE스코어,15,1
LIVE스코어,14,1
LIVE스코어,13,1
LIVE스코어,12,1
LIVE스코어,11,1
LIVE스코어,10,1
LIVE스코어,9,1
LIVE스코어,7,1
LIVE스코어,3,1
LIVE스코어,23,1
Last Arrows,0,1
LightSlinger,20,1
Last Arrows,1,1
LightSlinger,17,1
LightSlinger,16,1
LightSlinger,13,1
LightSlinger,12,1
LightSlinger,3,1
LightSlinger,2,1
LightSlinger,1,1
LightSlinger,0,1
Life360,20,1
Life360,18,1
Life360,16,1
Leaone,16,1
Last Arrows,16,1
Last Arrows,3,1
Last Arrows,2,1
M-able,13,1
M-able,17,1
LINE,23,1
Mi Home,12,1
Microsoft Band,15,1
Microsoft Band,1,1
Mi 계산기,2,1
Mi Home,19,1
Mi Home,18,1
Mi Home,15,1
Mi Home,13,1
Mi Fit,13,1
M-able,18,1
Mi Fit,11,1
Metal Madness,23,1
Metal Madness,0,1
Messenger Lite,21,1
Messenger Lite,19,1
Messenger Lite,18,1
Messenger Lite,17,1
Microsoft Health,1,1
Microsoft Health,3,1
Microsoft Launcher,0,1
Microsoft Launcher,1,1
Microsoft Launcher,17,1
Microsoft Launcher,16,1
Microsoft Launcher,15,1
Microsoft Launcher,14,1
Microsoft Launcher,13,1
Microsoft Launcher,12,1
Microsoft Launcher,11,1
Microsoft Launcher,10,1
Microsoft Launcher,9,1
Microsoft Launcher,8,1
Microsoft Launcher,7,1
Microsoft Launcher,6,1
Microsoft Launcher,4,1
Microsoft Launcher,3,1
Microsoft Launcher,2,1
Messenger Lite,16,1
Messenger Lite,15,1
Messenger Lite,14,1
MX 플레이어,1,1
MUSINSA,23,1
MUSINSA,11,1
MUSINSA,2,1
MTP 애플리케이션,21,1
MTP 애플리케이션,20,1
MTP 애플리케이션,17,1
MTP 애플리케이션,12,1
MTP 애플리케이션,11,1
MLB9이닝스19,13,1
MLB9이닝스19,12,1
MAXIM KOREA HD,18,1
MAXIM KOREA HD,16,1
MAXIM KOREA HD,15,1
M-able,23,1
M-able,22,1
MX 플레이어,0,1
MX 플레이어,8,1
Messenger Lite,2,1
MX 플레이어,9,1
Messenger,6,1
Melon,7,1
Melon,6,1
Melon,4,1
Meitu,16,1
Medium,10,1
MangoPlate,18,1
MangoPlate,17,1
MX 플레이어,22,1
MX 플레이어,19,1
MX 플레이어,18,1
MX 플레이어,15,1
MX 플레이어,14,1
MX 플레이어,13,1
MX 플레이어,11,1
LIVE스코어,2,1
LINE,22,1
Microsoft Launcher,19,1
KAIST Library,3,1
KAIST 전자식복무관리시스템,14,1
KAIST Library,22,1
KAIST Library,11,1
KAIST Library,10,1
KAIST Library,8,1
KAIST Library,7,1
KAIST Library,5,1
KAIST Library,2,1
KB국민카드,17,1
KAIST GenChem,20,1
KAIST GenChem,17,1
KAIST GenChem,3,1
KAIST	Portal,6,1
KAIST	Portal,5,1
Just Dance Now,17,1
JAM Live,13,1
KAIST 전자식복무관리시스템,16,1
KAIST 전자식복무관리시스템,17,1
KBO STATS,10,1
KBO STATS,13,1
KB국민카드,14,1
KB국민카드,12,1
KB국민카드,11,1
KB국민카드,9,1
KB국민카드,8,1
KB국민카드,7,1
KB국민카드,6,1
KB국민카드,0,1
KBO STATS,22,1
KBO STATS,21,1
KBO STATS,20,1
KBO STATS,19,1
KBO STATS,17,1
KBO STATS,16,1
KBO STATS,15,1
JAM Live,12,1
JAM Live,11,1
Intra,20,1
IV Go,19,1
IV Go,14,1
IV Go,2,1
IV Go,1,1
ISP/페이북,22,1
ISP/페이북,18,1
ISP/페이북,17,1
ISP/페이북,16,1
ISP/페이북,13,1
ISP/페이북,12,1
ISP/페이북,2,1
HwModuleTest,15,1
Hue,3,1
Hentoid,17,1
Hentoid,16,1
HackersMP3,22,1
IV Go,15,1
InBody,12,1
Intra,18,1
InBody,13,1
Intra,17,1
Intra,10,1
Intra,2,1
Intra,1,1
InCallUI,22,1
InCallUI,21,1
InCallUI,19,1
InCallUI,18,1
InCallUI,17,1
InCallUI,16,1
InCallUI,15,1
InCallUI,12,1
InCallUI,10,1
InCallUI,1,1
InBody,17,1
KB국민카드,16,1
KB국민카드,18,1
LINE,21,1
LG 키보드,14,1
LG 페이,12,1
LG 페이,4,1
LG 페이,2,1
LG 페이,0,1
LG 키보드,23,1
LG 키보드,19,1
LG 키보드,16,1
LG 앱 이용약관,18,1
KB국민카드,19,1
L.POINT,17,1
L.POINT,16,1
L.POINT,11,1
L.POINT,2,1
L.POINT,0,1
KT 패밀리박스,21,1
KT 멤버십,23,1
LG 페이,14,1
LG 페이,22,1
LG 헬스,19,1
LH청약센터,20,1
LINE,20,1
LINE,18,1
LINE,17,1
LINE,16,1
LINE,15,1
LINE,13,1
LINE,12,1
LINE,11,1
LINE,10,1
LINE,9,1
LINE,7,1
LINE,4,1
LINE,1,1
LINE,0,1
LH청약센터,21,1
KT 멤버십,17,1
KT 멤버십,13,1
KT 멤버십,9,1
KB스타알림,3,1
KB스타뱅킹,22,1
KB스타뱅킹,18,1
KB스타뱅킹,17,1
KB스타뱅킹,16,1
KB스타뱅킹,12,1
KB스타뱅킹,6,1
KB스타뱅킹,0,1
KB스마트원 통합인증,15,1
KB스마트원 통합인증,14,1
KB스마트원 통합인증,13,1
KB스마트원 통합인증,11,1
KB국민카드,23,1
KB국민카드,22,1
KB국민카드,21,1
KB국민카드,20,1
KB스타뱅킹,23,1
KB스타알림,4,1
KT 멤버십,0,1
KB스타알림,5,1
KM플레이어 Pro,10,1
KLMS,7,1
KLMS,6,1
KIA고객앱,16,1
KFTC FIDO LINK,16,1
KFTC FIDO LINK,9,1
KFTC FIDO LINK,8,1
KFTC FIDO LINK,0,1
KFC,23,1
KEB 하나은행,17,1
KEB 하나은행,13,1
KEB 하나은행,12,1
KB앱카드,20,1
KB스타알림,9,1
KB스타알림,6,1
Microsoft Launcher,18,1
Microsoft Launcher,20,1
HTV 3.4.6,10,1
Reddit,16,1
Rummikub,3,1
Rummikub,0,1
Reddit,23,1
Reddit,22,1
Reddit,19,1
Reddit,18,1
Reddit,17,1
Reddit,15,1
SODA,4,1
Reddit,14,1
Reddit,13,1
Reddit,2,1
RealCalc,22,1
RadDog,9,1
RX TIMER,22,1
RX TIMER,12,1
Rummikub,5,1
Rummikub,6,1
Rummikub,9,1
Rummikub,10,1
SNOW,9,1
SNOW,5,1
SNOW,2,1
SC제일은행,19,1
Rummikub,23,1
Rummikub,22,1
Rummikub,21,1
Rummikub,20,1
Rummikub,19,1
Rummikub,17,1
Rummikub,15,1
Rummikub,14,1
Rummikub,13,1
Rummikub,12,1
Rummikub,11,1
RX TIMER,11,1
Q메모+,6,1
Q렌즈,11,1
PowerPoint,15,1
PowerPoint,3,1
PostPay,19,1
Poly Bridge,20,1
Polaris Office,22,1
Polaris Office,21,1
Polaris Office,18,1
Polaris Office,17,1
Polaris Office,12,1
Polaris Office,8,1
Polaris Office,1,1
Pokémon GO,23,1
Pokémon GO,21,1
Pokémon GO,16,1
Pokémon GO,15,1
Pokémon GO,13,1
PowerPoint,6,1
PowerPoint,20,1
QuickPic,16,1
PowerPoint,23,1
QR 코드 스캐너,13,1
QR 코드 스캐너,12,1
Q.Feat,20,1
Q.Feat,19,1
Q.Feat,13,1
Puffin,22,1
Puffin,17,1
Puffin,15,1
Puffin,14,1
Puffin,11,1
Puffin,9,1
Puffin,3,1
Puffin,1,1
Prime Video,20,1
Prime Video,1,1
SODA,3,1
SODA,5,1
Pokémon GO,4,1
Samsung Pay,6,1
Security Master,4,1
Screen Off Button,21,1
Screen Off Button,20,1
Screen Off Button,18,1
Samsung account,9,1
Samsung account,3,1
Samsung Pay (Watch plug-in),10,1
Samsung Pay,5,1
SODA,9,1
Samsung Pass 자동 완성,21,1
Samsung Pass 자동 완성,19,1
Samsung Pass 자동 완성,18,1
Samsung Pass 자동 완성,17,1
Samsung Pass 자동 완성,15,1
Samsung Pass 자동 완성,11,1
Samsung Pass 자동 완성,9,1
Security Master,12,1
Security Master,14,1
Security Master,15,1
Security Master,19,1
Shutdown Monitor,13,1
Shutdown Monitor,11,1
Shutdown Monitor,9,1
Shutdown Monitor,8,1
Shutdown Monitor,5,1
Shutdown Monitor,3,1
Settings Suggestions,23,1
Settings Suggestions,20,1
Settings Suggestions,19,1
Settings Suggestions,12,1
Settings Suggestions,2,1
Send Anywhere,10,1
Security Master,23,1
Security Master,21,1
Security Master,20,1
Samsung Pass 자동 완성,2,1
Samsung Pass,10,1
Samsung Notes,9,1
Samsung Experience Service,11,1
Samsung Experience Service,3,1
Samsung Experience Service,1,1
Samsung ApexService,23,1
Samsung ApexService,0,1
SSGPAY,0,1
SSG.COM,12,1
SR 고속열차,20,1
SR 고속열차,14,1
SR 고속열차,9,1
SR 고속열차,8,1
SR 고속열차,4,1
SR 고속열차,3,1
SR 고속열차,1,1
SOL알리미,17,1
SODA,12,1
Samsung Experience Service,9,1
Samsung Experience Service,12,1
Samsung Notes,7,1
Samsung Experience Service,19,1
Samsung Notes,6,1
Samsung Notes,5,1
Samsung Music,7,1
Samsung Music,4,1
Samsung Members,21,1
Samsung Members,16,1
Samsung Members,0,1
Samsung Health,19,1
Samsung Health,11,1
Samsung Health,9,1
Samsung Health,7,1
Samsung Health,6,1
Samsung Health,2,1
Samsung Experience Service,21,1
Samsung Experience Service,20,1
Pokémon GO,8,1
Pokémon GO,2,1
Microsoft Launcher,21,1
Nintendo Switch Online,16,1
OP.GG,1,1
OP.GG,0,1
OK Cashbag,18,1
OK Cashbag,16,1
OK Cashbag,13,1
OK Cashbag,11,1
OK Cashbag,3,1
Nintendo Switch Online,1,1
OTP,16,1
Netflix,6,1
NekoSushi,16,1
NekoSushi,11,1
NekoSushi,10,1
NekoSushi,2,1
NekoSushi,1,1
Nature Photo Effects,17,1
OP.GG,2,1
OP.GG,4,1
OP.GG,9,1
OP.GG,12,1
OTP,14,1
OTP,13,1
OTP,12,1
OTP,9,1
OTP,8,1
OTP,1,1
OTP,0,1
OP.GG,23,1
OP.GG,22,1
OP.GG,21,1
OP.GG,18,1
OP.GG,17,1
OP.GG,16,1
OP.GG,15,1
OP.GG,14,1
NUGU,19,1
NUGU,7,1
NUGU,3,1
NFC,1,1
NBA,21,1
NBA,15,1
My Application1,9,1
Most,23,1
Most,21,1
Most,19,1
Most,16,1
Most,15,1
Most,14,1
Most,3,1
MobileCX,21,1
MobileCX,20,1
Mobile Print,10,1
Microsoft Launcher,23,1
Microsoft Launcher,22,1
NFC,0,1
NFC,12,1
NH콕뱅크,22,1
NFC,13,1
NH콕뱅크,21,1
NH콕뱅크,16,1
NH콕뱅크,13,1
NH뱅킹,23,1
NH뱅킹,0,1
NFC 서비스,23,1
NFC 서비스,21,1
NFC 서비스,19,1
NFC 서비스,18,1
NFC 서비스,17,1
NFC 서비스,12,1
NFC 서비스,11,1
NFC 서비스,0,1
NFC,23,1
NFC,16,1
OTP,15,1
OTP,17,1
Pokémon GO,1,1
Papago,8,1
Perfect Piano,17,1
Perfect Piano,16,1
People edge,21,1
People edge,2,1
Papago,23,1
Papago,16,1
Papago,15,1
Papago,5,1
OTP,18,1
Papago,4,1
Papago,3,1
Papago,1,1
Papago,0,1
Paco,5,1
POOQ,20,1
PES 2019 PRO EVOLUTION SOCCER,23,1
Perfect Viewer,10,1
Photo Wonder,15,1
Photo Wonder,21,1
Piano,16,1
Pokémon GO,0,1
Pinterest,23,1
Pinterest,21,1
Pinterest,20,1
Pinterest,18,1
Pinterest,17,1
Pinterest,15,1
Pinterest,10,1
Pinterest,9,1
Pinterest,8,1
Pinterest,6,1
Pinterest,1,1
Piazza,19,1
Piazza,10,1
Piazza,3,1
PES 2019 PRO EVOLUTION SOCCER,22,1
PES 2019 PRO EVOLUTION SOCCER,21,1
PES 2019 PRO EVOLUTION SOCCER,20,1
PASS,17,1
PASS,14,1
PASS,13,1
PASS,12,1
PASS,9,1
PASS,1,1
PASS,0,1
PAIGE,14,1
OneNote,11,1
OneDrive,19,1
OneDrive,17,1
OneDrive,11,1
OTP,23,1
OTP,22,1
OTP,20,1
OTP,19,1
PASS,15,1
PASS,21,1
PES 2019 PRO EVOLUTION SOCCER,19,1
PASS,22,1
PES 2019 PRO EVOLUTION SOCCER,18,1
PES 2019 PRO EVOLUTION SOCCER,17,1
PES 2019 PRO EVOLUTION SOCCER,15,1
PES 2019 PRO EVOLUTION SOCCER,13,1
PES 2019 PRO EVOLUTION SOCCER,12,1
PES 2019 PRO EVOLUTION SOCCER,10,1
PES 2019 PRO EVOLUTION SOCCER,9,1
PAYCO,23,1
PAYCO,17,1
PAYCO,14,1
PAYCO,13,1
PAYCO,12,1
PAYCO,11,1
PAYCO,10,1
PAYCO,1,1
HackersMP3,19,1
HTML 뷰어,4,1
Shutdown Monitor,19,1
Bloomberg,20,1
Booking.com,12,1
Bluetooth,20,1
Bluetooth,18,1
Bluetooth,7,1
Bluetooth,3,1
Bluetooth,2,1
Blue Light Filter - Night Mode,2,1
Bloomberg,14,1
Briefing,16,1
Bloomberg,13,1
Bloomberg,12,1
Bloomberg,10,1
Bloomberg,3,1
Bloomberg,0,1
Bleacher Report,23,1
Bleacher Report,22,1
Booking.com,15,1
Booking.com,21,1
Booking.com,22,1
Booking.com,23,1
Briefing,13,1
Briefing,12,1
Briefing,10,1
Briefing,8,1
Brawl Stars,23,1
Brawl Stars,21,1
Brawl Stars,17,1
Brawl Stars,16,1
Brawl Stars,13,1
Brawl Stars,10,1
Brawl Stars,9,1
Brawl Stars,6,1
Brawl Stars,5,1
Brawl Stars,1,1
Brawl Stars,0,1
Bleacher Report,20,1
Bleacher Report,19,1
Bleacher Report,16,1
B612,18,1
B612,12,1
B612,11,1
B612,8,1
B612,2,1
B612,0,1
Avast Mobile Security,16,1
Auto Chess,16,1
Auto Chess,15,1
Auto Chess,14,1
Auto Chess,12,1
Auto Chess,3,1
Authentication Framework,17,1
Authentication Framework,3,1
Atomas,10,1
At Bat,13,1
B612,16,1
B612,22,1
Bleacher Report,9,1
B612,23,1
Bleacher Report,0,1
Bill Letter,14,1
Big Hunter,22,1
Big Finish,3,1
Big Finish,2,1
Between,23,1
Between,9,1
Between,6,1
Between,4,1
Between,2,1
Battery Doctor,17,1
BAND,13,1
BAND,6,1
BAND,5,1
BAND,2,1
Briefing,15,1
Briefing,22,1
Arcane Tracker,19,1
CYBOS Touch,13,1
Call of Thunder War,12,1
CakeTown,21,1
Cake,20,1
CYBOS Touch,18,1
CYBOS Touch,16,1
CYBOS Touch,15,1
CYBOS Touch,14,1
CYBOS Touch,12,1
Briefing,23,1
CYBOS Touch,11,1
CYBOS Touch,10,1
CYBOS Touch,9,1
CYBOS Touch,8,1
CNCITY에너지,21,1
CNCITY에너지,11,1
CLiP,23,1
CamScanner,0,1
CamScanner,13,1
CamScanner,14,1
CamScanner,20,1
Clean Master,9,1
Clean Master,7,1
Clean Master,6,1
Clean Master,5,1
Clean Master,4,1
Clean Master,3,1
Clean Master,2,1
Clean Master,1,1
Clean Master,0,1
Class101,14,1
Citymapper,12,1
CashLeaflet,17,1
CaptivePortalLogin,11,1
Canva,19,1
CamScanner,22,1
CLiP,22,1
CLiP,21,1
CLiP,19,1
CJ ONE,16,1
CJ ONE,11,1
CJ ONE,10,1
CJ ONE,9,1
CGV포토티켓,13,1
CGV포토티켓,1,1
CGV,22,1
CGV,18,1
CGV,16,1
CGV,14,1
CGV,13,1
CGV,10,1
CGV,8,1
CGV,2,1
CGV,0,1
Bubble Shooter,0,1
CJ ONE,13,1
CJ대한통운 택배,0,1
CLiP,17,1
CJ대한통운 택배,3,1
CLiP,15,1
CLiP,14,1
CLiP,13,1
CLiP,12,1
CLiP,9,1
CLiP,1,1
CLASSUM,23,1
CLASSUM,20,1
CLASSUM,17,1
CLASSUM,2,1
CJ대한통운 택배,22,1
CJ대한통운 택배,21,1
CJ대한통운 택배,17,1
CJ대한통운 택배,16,1
CJ대한통운 택배,11,1
Arduino bluetooth controller,21,1
Arcane Tracker,17,1
Clean Master,22,1
AIA Vitality T건강걷기,19,1
ANOTHER EDEN,4,1
ANOTHER EDEN,3,1
ANOTHER EDEN,2,1
ANOTHER EDEN,1,1
ANOTHER EDEN,0,1
AIA Vitality T건강걷기,23,1
AIA Vitality T건강걷기,20,1
AIA Vitality T건강걷기,18,1
Adobe Acrobat,2,1
AIA Vitality T건강걷기,16,1
AIA Vitality T건강걷기,15,1
AIA Vitality T건강걷기,13,1
AIA Vitality T건강걷기,10,1
AIA Vitality T건강걷기,9,1
AIA Vitality T건강걷기,8,1
ABC Logger,7,1
ANOTHER EDEN,10,1
ANOTHER EDEN,12,1
ANOTHER EDEN,13,1
ANOTHER EDEN,14,1
AdGuard,9,1
AccuBattery,18,1
AccuBattery,7,1
AZ Screen Recorder,0,1
AVS,13,1
AVS,12,1
ANOTHER EDEN,23,1
ANOTHER EDEN,22,1
ANOTHER EDEN,21,1
ANOTHER EDEN,20,1
ANOTHER EDEN,19,1
ANOTHER EDEN,18,1
ANOTHER EDEN,17,1
ANOTHER EDEN,16,1
ANOTHER EDEN,15,1
ABC Logger,4,1
4shared,20,1
29CM,14,1
10000!,21,1
10000!,14,1
10000!,6,1
10000!,5,1
10000!,4,1
10000!,3,1
1.1.1.1,22,1
1.1.1.1,20,1
1.1.1.1,17,1
1.1.1.1,15,1
1.1.1.1,12,1
1.1.1.1,11,1
1.1.1.1,10,1
1.1.1.1,1,1
1.1.1.1,0,1
0한동,15,1
10000!,17,1
10000!,22,1
29CM,13,1
11번가,4,1
29CM,10,1
1km,23,1
1km,1,1
1km,0,1
11번가,19,1
11번가,18,1
11번가,17,1
11번가,15,1
11번가,14,1
11번가,13,1
11번가,12,1
11번가,10,1
11번가,8,1
11번가,7,1
11번가,6,1
AdGuard,18,1
Adobe Acrobat,4,1
Arcane Tracker,16,1
Always On Display,13,1
Android 시스템,8,1
Android 시스템,6,1
Android 시스템,4,1
Amazon Shopping,19,1
Amazon Kindle,21,1
Always-on display,19,1
Always-on display,15,1
Alipay,3,1
Adobe Acrobat,10,1
AliExpress,22,1
AliExpress,15,1
AliExpress,11,1
AirVisual,23,1
AirVisual,19,1
AirVisual,18,1
AirVisual,17,1
App Lock,0,1
App Lock,2,1
App Lock,3,1
App Lock,12,1
Arcane Tracker,15,1
Arcane Tracker,13,1
Arcane Tracker,11,1
Apps edge,23,1
Apps edge,20,1
Apps edge,19,1
App Lock,21,1
App Lock,20,1
App Lock,19,1
App Lock,18,1
App Lock,17,1
App Lock,16,1
App Lock,15,1
App Lock,14,1
App Lock,13,1
AirVisual,12,1
AirVisual,5,1
AirMapKorea,9,1
AhnLab V3 Mobile Plus 2.0,20,1
AhnLab V3 Mobile Plus 2.0,12,1
AhnLab V3 Mobile Plus 2.0,11,1
AhnLab V3 Mobile Plus 2.0,6,1
AhnLab V3 Mobile Plus 2.0,1,1
AfreecaTV,21,1
AfreecaTV,15,1
AfreecaTV,14,1
AfreecaTV,9,1
AfreecaTV,2,1
Adobe Acrobat,23,1
Adobe Acrobat,20,1
Adobe Acrobat,19,1
Adobe Acrobat,18,1
Adobe Acrobat,17,1
Adobe Acrobat,13,1
AhnLab V3 Mobile Plus 2.0,18,1
AhnLab V3 Mobile Plus 2.0,22,1
AirBattery,23,1
AirBattery,0,1
AirBattery,22,1
AirBattery,21,1
AirBattery,20,1
AirBattery,19,1
AirBattery,18,1
AirBattery,17,1
AirBattery,16,1
AirBattery,15,1
AirBattery,14,1
AirBattery,13,1
AirBattery,12,1
AirBattery,11,1
AirBattery,10,1
AirBattery,8,1
AirBattery,1,1
Clean Master,21,1
Clean Master,23,1
H&M,22,1
Forest,23,1
Forza,8,1
Forza,7,1
Forza,5,1
Forza,4,1
Forza,3,1
Forza,2,1
Forza,0,1
Forest,22,1
Galaxy Buds,15,1
Forest,21,1
Forest,20,1
Forest,19,1
Forest,18,1
Forest,15,1
Forest,14,1
Forest,13,1
Forza,10,1
Forza,11,1
Forza,12,1
Forza,14,1
Galaxy Buds,12,1
Galaxy Buds,10,1
Galaxy Buds,8,1
Galaxy Buds,7,1
GGtics,23,1
GGtics,4,1
GGtics,1,1
Frip,17,1
Free DS For Android 6,4,1
Forza,22,1
Forza,21,1
Forza,20,1
Forza,17,1
Forza,16,1
Forza,15,1
Forest,12,1
Foodie,3,1
Follower Analyzer,16,1
FocusMore,2,1
FocusMore,0,1
Flipboard,20,1
Flipboard,13,1
Fitbit,14,1
Firefox,22,1
Firefox,20,1
Firefox,19,1
Firefox,18,1
Firefox,16,1
Firefox,15,1
Firefox,14,1
Firefox,13,1
Firefox,11,1
Firefox,7,1
Firefox,6,1
FocusMore,1,1
FocusMore,5,1
FocusMore,23,1
FocusMore,7,1
FocusMore,22,1
FocusMore,21,1
FocusMore,20,1
FocusMore,19,1
FocusMore,18,1
FocusMore,17,1
FocusMore,16,1
FocusMore,15,1
FocusMore,14,1
FocusMore,13,1
FocusMore,12,1
FocusMore,11,1
FocusMore,10,1
FocusMore,9,1
FocusMore,8,1
Galaxy Buds,13,1
Galaxy Store,0,1
FatSecret,20,1
Google Play 북,8,1
Google 뉴스,8,1
Google 뉴스,4,1
Google 뉴스,2,1
Google 뉴스,1,1
Google Play 서비스,7,1
Google Play 서비스,6,1
Google Play 서비스,5,1
Google Play 뮤직,23,1
Galaxy Store,5,1
Google Play 뮤직,22,1
Google Play 뮤직,21,1
Google Play 뮤직,20,1
Google Play 뮤직,19,1
Google Play 뮤직,17,1
Google Play 뮤직,16,1
Google Play 뮤직,15,1
Google 뉴스,9,1
Google 뉴스,10,1
Google 뉴스,12,1
Google 뉴스,15,1
H&M,21,1
H&M,10,1
H&M,9,1
H&M,0,1
G마켓,14,1
G마켓,12,1
G마켓,11,1
G마켓,1,1
G마켓,0,1
Google 팟캐스트,2,1
Google 팟캐스트,1,1
Google 뉴스,23,1
Google 뉴스,22,1
Google 뉴스,18,1
Google 뉴스,17,1
Google Play 뮤직,13,1
Google Play 뮤직,11,1
Google Play 뮤직,10,1
Gear S PlugIn,3,1
Galaxy Wearable,13,1
Galaxy Wearable,12,1
Galaxy Wearable,10,1
Galaxy Wearable,9,1
Galaxy Wearable,8,1
Galaxy Wearable,7,1
Galaxy Themes,21,1
Galaxy Themes,14,1
Galaxy Themes,12,1
Galaxy Store,19,1
Galaxy Store,16,1
Galaxy Store,15,1
Galaxy Store,9,1
Galaxy Store,8,1
Galaxy Store,7,1
Galaxy Wearable,15,1
Gear S PlugIn,9,1
Google Play 뮤직,9,1
Genius,1,1
Google Play 뮤직,7,1
Google Play 뮤직,3,1
Google Play 게임,22,1
Google Play 게임,20,1
Google Play 게임,17,1
Google Play 게임,15,1
Google Play 게임,10,1
Google Play 게임,6,1
Google Play 게임,2,1
Google Play 게임,1,1
Google PDF 뷰어,23,1
Google PDF 뷰어,21,1
Google PDF 뷰어,19,1
Google PDF 뷰어,9,1
Gmail,2,1
Firefox,0,1
FatSecret,19,1
Coinnow,0,1
Duel Links,9,1
EML Reader FREE,19,1
EML Reader FREE,10,1
Duo,18,1
Duel Links,21,1
Duel Links,14,1
Duel Links,13,1
Duel Links,10,1
Duel Links,8,1
EhViewer,15,1
Duel Links,7,1
Duel Links,6,1
Duel Links,5,1
Duel Links,4,1
Duel Links,0,1
Dropsync,5,1
Dropbox,23,1
EML Reader FREE,20,1
EML Reader FREE,21,1
ES 파일 탐색기,1,1
ES 파일 탐색기,13,1
EhViewer,13,1
EhViewer,12,1
EhViewer,11,1
EhViewer,9,1
EhViewer,7,1
EhViewer,4,1
EhViewer,2,1
EhViewer,1,1
Edge screen,22,1
Edge screen,21,1
Edge screen,10,1
Edge screen,9,1
EXiTS,12,1
ES 파일 탐색기,21,1
ES 파일 탐색기,14,1
Dropbox,20,1
Dropbox,17,1
Dropbox,16,1
Discord,2,1
DU 배터리 세이버,17,1
DU 배터리 세이버,0,1
DU Speed Booster,4,1
DMB,23,1
Cut+Mix Studio,23,1
Cut+Mix Studio,22,1
Cut+Mix Studio,21,1
Cookie Run: OvenBreak,20,1
Cookie Run: OvenBreak,9,1
Cookie Run: OvenBreak,8,1
Cookie Run: OvenBreak,3,1
Cookie Run: OvenBreak,0,1
Coinnow,22,1
Coinnow,2,1
Coinnow,1,1
DU 배터리 세이버,18,1
Discord,3,1
Dropbox,15,1
Discord,4,1
Dropbox,13,1
Dropbox,5,1
Droid-X 3.0,22,1
Droid-X 3.0,17,1
Dreamclass,18,1
Dreamclass,11,1
Dreamclass,0,1
Draw It,20,1
Dragon Strike: Puzzle RPG,13,1
DraStic,11,1
Doctor Who,12,1
Doctor Who,3,1
Discord,7,1
Discord,6,1
Discord,5,1
EhViewer,14,1
EhViewer,18,1
FatSecret,18,1
FLO,8,1
FOW.KR,3,1
FOW.KR,1,1
FOW.KR,0,1
FLO,19,1
FLO,12,1
FLO,11,1
FLO,9,1
FLO,7,1
EhViewer,19,1
FLO,6,1
FLO,5,1
FLO,4,1
FLO,3,1
FLO,2,1
FIFA Online 4 M,16,1
FIFA Online 4 M,12,1
FOW.KR,4,1
FOW.KR,5,1
FOW.KR,6,1
FOW.KR,7,1
FatSecret,17,1
FatSecret,13,1
FatSecret,12,1
FatSecret,11,1
FatSecret,10,1
FastHub,23,1
FastHub,12,1
FOW.KR,23,1
FOW.KR,21,1
FOW.KR,20,1
FOW.KR,17,1
FOW.KR,16,1
FOW.KR,15,1
FOW.KR,13,1
FOW.KR,10,1
FIFA Online 4 M,11,1
FIFA Online 4 M,8,1
FIFA Mobile,22,1
EyeFilter,8,1
ExpressVPN,21,1
ExpressVPN,20,1
ExpressVPN,17,1
ExpressVPN,13,1
Excel,17,1
Excel,8,1
Excel,6,1
Evernote,8,1
Evernote,5,1
Evernote,4,1
Evernote,3,1
Escape Rooms,14,1
EmergencyManagerService,18,1
EhViewer,22,1
EhViewer,20,1
EyeFilter,2,1
EyeFilter,19,1
FIFA Mobile,21,1
EyeFilter,23,1
FIFA Mobile,20,1
FIFA Mobile,19,1
FIFA Mobile,17,1
FIFA Mobile,15,1
FIFA Mobile,14,1
FIFA Mobile,13,1
FIFA Mobile,11,1
FIFA Mobile,10,1
FIFA Mobile,9,1
FIFA Mobile,2,1
FANDOM,23,1
FANDOM,21,1
FANDOM,14,1
FANDOM,12,1
FANDOM,1,1
Shutdown Monitor,15,1
Shutdown Monitor,21,1
삼성 키보드,20,1
롯데면세점,15,1
롯데홈쇼핑,20,1
롯데홈쇼핑,19,1
롯데시네마,22,1
롯데시네마,16,1
롯데시네마,14,1
롯데시네마,11,1
롯데면세점,17,1
롯데면세점,14,1
리디북스,4,1
롯데면세점,2,1
롯데리아,18,1
롯데리아,15,1
롯데리아,12,1
롯데리아,9,1
롤도우미,21,1
롤도우미,10,1
롯데홈쇼핑,22,1
루딘프,3,1
루리웹,0,1
루리웹,8,1
루리웹,23,1
루리웹,22,1
루리웹,21,1
루리웹,20,1
루리웹,19,1
루리웹,18,1
루리웹,17,1
루리웹,16,1
루리웹,15,1
루리웹,14,1
루리웹,13,1
루리웹,12,1
루리웹,11,1
루리웹,10,1
루리웹,9,1
롤도우미,8,1
레진코믹스,23,1
레진코믹스,19,1
러브데이,10,1
러브데이,8,1
러브데이,2,1
라프텔,1,1
똑똑계산기,22,1
똑똑계산기,16,1
똑똑계산기,15,1
똑똑계산기,14,1
똑똑계산기,13,1
똑똑계산기,11,1
똑똑계산기,9,1
똑똑계산기,8,1
똑똑계산기,1,1
똑똑가계부,8,1
똑똑가계부,1,1
딩굴 키보드,22,1
러브데이,9,1
러브데이,11,1
레진코믹스,12,1
러브데이,13,1
레진코믹스,11,1
레진코믹스,9,1
레진코믹스,0,1
레몬브릿지,22,1
레몬브릿지,20,1
레몬브릿지,19,1
레몬브릿지,17,1
러브데이,22,1
러브데이,21,1
러브데이,20,1
러브데이,19,1
러브데이,18,1
러브데이,17,1
러브데이,16,1
러브데이,15,1
리디북스,3,1
리디북스,5,1
디코드,10,1
만개의 레시피,17,1
메가박스,18,1
메가박스,15,1
메가박스,12,1
멀티타이머,23,1
멀티타이머,22,1
맥딜리버리,10,1
만개의 레시피,18,1
마카롱,23,1
리디북스,6,1
마카롱,21,1
마카롱,16,1
마카롱,11,1
마카롱,3,1
마카롱,1,1
마이리틀셰프,23,1
마이리틀셰프,22,1
메가박스,21,1
메가박스,22,1
메모,3,1
메모,4,1
메모장,11,1
메모장,9,1
메모장,2,1
메모장,1,1
메모장,0,1
메모위젯,12,1
메모G,18,1
메모,22,1
메모,21,1
메모,19,1
메모,18,1
메모,17,1
메모,15,1
메모,13,1
메모,12,1
마이리틀셰프,20,1
마이리틀셰프,19,1
마이리틀셰프,16,1
리브,20,1
리브,15,1
리브,13,1
리브,10,1
리브,5,1
리브,4,1
리멤버,11,1
리마인더,23,1
리마인더,0,1
리리앤코,20,1
리리앤코,18,1
리리앤코,12,1
리디북스,20,1
리디북스,18,1
리디북스,8,1
리디북스,7,1
리브,16,1
리브메이트,12,1
마이리틀셰프,13,1
링크 공유,1,1
마이리틀셰프,5,1
마이리틀셰프,4,1
마이리틀셰프,3,1
마이리틀셰프,2,1
마이리틀셰프,1,1
마이 케이티,23,1
마이 케이티,21,1
마이 케이티,19,1
마이 케이티,14,1
마이 케이티,13,1
마이 케이티,12,1
마이 케이티,9,1
마이 케이티,1,1
마이 케이티,0,1
마이	홈플러스,22,1
디코드,13,1
디코드,9,1
메모장,14,1
다음웹툰,14,1
다음카페,23,1
다음카페,15,1
다음카페,10,1
다음웹툰,22,1
다음웹툰,21,1
다음웹툰,20,1
다음웹툰,18,1
다음웹툰,12,1
대한항공,12,1
다음웹툰,10,1
다음웹툰,9,1
다음웹툰,7,1
다음사전,13,1
다음,18,1
다음,17,1
다음,16,1
다이소 멤버십,14,1
다이소 멤버십,15,1
다이소몰,14,1
다이어트신,19,1
대전버스,0,1
대기오염정보,20,1
대기오염정보,18,1
대기오염정보,13,1
대기오염정보,11,1
대기오염정보,10,1
대기오염정보,9,1
대기오염정보,8,1
당근마켓,22,1
당근마켓,20,1
당근마켓,19,1
당근마켓,16,1
당근마켓,15,1
당근마켓,10,1
당근마켓,9,1
다음,13,1
다음,9,1
다음,1,1
네트워크,9,1
네트워크,2,1
네이트,12,1
네이버TV,21,1
네이버TV,20,1
네이버TV,19,1
네이버TV,18,1
네이버TV,17,1
네이버TV,16,1
네이버TV,14,1
네이버TV,11,1
네이버TV,10,1
네이버TV,9,1
네이버TV,8,1
네이버TV,6,1
네이버TV,4,1
네트워크,3,1
네트워크,15,1
다방,22,1
네트워크,20,1
다방,21,1
다방,19,1
다방,17,1
다방,16,1
다방,12,1
다방,11,1
다방,10,1
다방,2,1
다방,0,1
다나와 가격비교,21,1
다나와 가격비교,15,1
다나와 가격비교,14,1
다나와 가격비교,13,1
다나와 가격비교,11,1
다나와 가격비교,0,1
대전버스,2,1
더캠프,11,1
디즈니팝,23,1
디바이스 케어,9,1
디시인사이드,4,1
디시인사이드,3,1
디바이스 케어,21,1
디바이스 케어,20,1
디바이스 케어,18,1
디바이스 케어,16,1
디바이스 케어,15,1
디바이스 케어,7,1
더캠프,16,1
디바이스 케어,5,1
디바이스 케어,3,1
디바이스 관리,23,1
디바이스 관리,22,1
디바이스 관리,20,1
디바이스 관리,19,1
디바이스 관리,18,1
디시인사이드,5,1
디시인사이드,7,1
디시인사이드,8,1
디즈니팝,1,1
디즈니팝,22,1
디즈니팝,21,1
디즈니팝,20,1
디즈니팝,19,1
디즈니팝,18,1
디즈니팝,17,1
디즈니팝,16,1
디즈니팝,15,1
디즈니팝,14,1
디즈니팝,13,1
디즈니팝,12,1
디즈니팝,11,1
디즈니팝,10,1
디즈니팝,8,1
디즈니팝,2,1
디바이스 관리,16,1
디바이스 관리,11,1
디바이스 관리,9,1
도돌 런처,17,1
도돌 런처,15,1
도돌 런처,14,1
도돌 런처,13,1
도돌 런처,12,1
도돌 런처,11,1
도돌 런처,10,1
도돌 런처,9,1
도돌 런처,8,1
도돌 런처,7,1
도돌 런처,5,1
도돌 런처,4,1
도돌 런처,3,1
도돌 런처,2,1
도돌 런처,1,1
도돌 런처,0,1
도돌 런처,16,1
도돌 런처,18,1
디바이스 관리,8,1
도돌 런처,19,1
디바이스 관리,2,1
디바이스 관리,1,1
드라이브,2,1
듀오링고,17,1
동영상,21,1
동영상,19,1
동영상,18,1
동영상,16,1
동영상,15,1
동영상,14,1
동영상,0,1
도돌 런처,23,1
도돌 런처,22,1
도돌 런처,21,1
도돌 런처,20,1
메모장,13,1
메모장,15,1
네이버TV,0,1
붕괴3rd,9,1
붕괴3rd,17,1
붕괴3rd,16,1
붕괴3rd,15,1
붕괴3rd,14,1
붕괴3rd,13,1
붕괴3rd,12,1
붕괴3rd,10,1
붕괴3rd,1,1
브롤스타즈,14,1
붕괴3rd,0,1
부동산	다이어트,17,1
봄 캘린더,14,1
복부 근육 트레이팅,22,1
복부 근육 트레이팅,20,1
복부 근육 트레이팅,19,1
복부 근육 트레이팅,18,1
붕괴3rd,19,1
붕괴3rd,20,1
붕괴3rd,21,1
붕괴3rd,22,1
브롤스타즈,11,1
브롤스타즈,10,1
브롤스타즈,0,1
브로콜리,14,1
브랜디,21,1
브랜디,19,1
브랜디,18,1
브랜디,17,1
브랜디,15,1
브랜디,14,1
브랜디,13,1
브랜디,10,1
브랜디,9,1
브랜디,2,1
붕괴3rd,23,1
복부 근육 트레이팅,17,1
복부 근육 트레이팅,16,1
복부 근육 트레이팅,12,1
벽돌깨기 퍼즐,17,1
벽돌깨기 퍼즐,15,1
벽돌깨기 퍼즐,14,1
벽돌깨기 퍼즐,11,1
벽돌깨기 퍼즐,3,1
벽돌깨기 퍼즐,2,1
벽돌깨기 퍼즐,1,1
번호안내 서비스,18,1
번역,16,1
번역,12,1
번역,9,1
번역,8,1
번역,7,1
번개장터,21,1
번개장터,16,1
번개장터,11,1
벽돌깨기 퍼즐,16,1
벽돌깨기 퍼즐,18,1
복부 근육 트레이팅,11,1
벽돌깨기 퍼즐,22,1
복부 근육 트레이팅,3,1
보이스 케어,15,1
보이스 케어,9,1
보안 폴더,21,1
보안 폴더,18,1
보안 폴더,17,1
보안 폴더,16,1
보안 폴더,15,1
보안 폴더,13,1
보안 폴더,1,1
보안 폴더,0,1
보안,19,1
보안,17,1
보안,15,1
보안,14,1
브롤스타즈,12,1
브롤스타즈,15,1
번개장터,8,1
사전,10,1
사전,19,1
사전,18,1
사전,17,1
사전,14,1
사전,13,1
사전,12,1
사전,11,1
사전,7,1
브롤스타즈,16,1
사전,6,1
사전,5,1
사전,3,1
사전,2,1
사운드코르셋 튜너 & 메트로놈,10,1
사운드 선택기,15,1
사운드 선택기,1,1
사전,21,1
사전,22,1
삼성 음성 입력,14,1
삼성 음성 입력,21,1
삼성 키보드,19,1
삼성 키보드,18,1
삼성 키보드,15,1
삼성 키보드,14,1
삼성 키보드,13,1
삼성 키보드,11,1
삼성 키보드,3,1
삼성 키보드,2,1
삼성 클라우드,18,1
삼성 클라우드,14,1
삼성 캡처,9,1
삼성 캡처,6,1
삼성 캡처,5,1
삼성 캡처,2,1
삼성 음성 입력,22,1
사용자 휴대폰 도우미,15,1
사용자 휴대폰 도우미,1,1
사용자 휴대폰 도우미,0,1
비주얼 가계부,15,1
비주얼 가계부,9,1
비주얼 가계부,8,1
비주얼 가계부,1,1
비디오 플레이어,9,1
비디오 플레이어,4,1
비디오 플레이어,3,1
비디오 에디터,22,1
비디오 에디터,2,1
비디오,1,1
비둘기키우기,17,1
블루투스,22,1
블루투스,0,1
브롤스타즈,21,1
브롤스타즈,19,1
브롤스타즈,18,1
비주얼 가계부,13,1
비주얼 가계부,17,1
빅토(VicTo) Google,14,1
비주얼 가계부,18,1
빅스비 홈,20,1
빅스비 홈,18,1
빅스비 홈,17,1
빅스비 홈,14,1
빅스비 홈,13,1
빅스비 홈,8,1
빅스비 홈,1,1
빅스비 비전,20,1
빅스비 비전,18,1
빅스비 비전,16,1
빅스비 비전,12,1
빅스비 비전,10,1
빅스비 비전,1,1
빅스비 보이스,8,1
빅스비 보이스,5,1
번개장터,9,1
번개장터,2,1
메모장,16,1
모아락,23,1
문서,2,1
무한의 계단,9,1
무비 메이커,4,1
몰테일,19,1
몰테일,8,1
모야모,21,1
모아키 통합키보드,18,1
모아락,22,1
미세미세,3,1
모아락,21,1
모아락,20,1
모아락,19,1
모아락,18,1
모아락,17,1
모아락,7,1
모아락,4,1
문서,11,1
문서,12,1
문서,14,1
문서,15,1
미미박스,20,1
미디어 저장소,12,1
미디어 저장소,0,1
미디어 저장공간,21,1
문피아,23,1
문피아,18,1
문피아,14,1
문피아,12,1
문피아,11,1
문피아,10,1
문피아,9,1
문피아,8,1
문서,23,1
문서,21,1
문서,19,1
모아락,2,1
모아락,1,1
모아락,0,1
모바일	티머니,12,1
모바일	티머니,10,1
모바일	티머니,9,1
모바일	티머니,8,1
메이비베이비,19,1
메이비베이비,18,1
메이비베이비,17,1
메이비베이비,11,1
메이비베이비,10,1
메이비베이비,9,1
메시지,5,1
메모장,23,1
메모장,22,1
메모장,20,1
메모장,19,1
메모장,17,1
모바일	티머니,11,1
모바일	티머니,13,1
모바일교보문고,23,1
모바일	티머니,17,1
모바일교보문고,21,1
모바일교보문고,19,1
모바일교보문고,16,1
모바일교보문고,13,1
모바일교보문고,12,1
모바일교보문고,11,1
모바일교보문고,3,1
모바일교보문고,1,1
모바일교보문고,0,1
모바일결제 ISP,21,1
모바일결제 ISP,20,1
모바일결제 ISP,1,1
모바일	티머니,21,1
모바일	티머니,20,1
모바일	티머니,18,1
미세미세,1,1
미세미세,6,1
벅스,6,1
뱅크샐러드,23,1
버즈 런처,8,1
버즈 런처,7,1
버즈 런처,6,1
버즈 런처,5,1
버즈 런처,0,1
버스타고,23,1
버스타고,10,1
뱅크샐러드,21,1
미세미세,8,1
뱅크샐러드,20,1
뱅크샐러드,19,1
뱅크샐러드,12,1
뱅크샐러드,11,1
뱅크샐러드,10,1
뱅크샐러드,9,1
뱅크샐러드,2,1
버즈 런처,9,1
버즈 런처,10,1
버즈 런처,11,1
버즈 런처,12,1
벅스,5,1
벅스,4,1
벅스,1,1
벅스,0,1
버즈 런처,23,1
버즈 런처,22,1
버즈 런처,21,1
버즈 런처,20,1
버즈 런처,19,1
버즈 런처,18,1
버즈 런처,17,1
버즈 런처,16,1
버즈 런처,15,1
버즈 런처,14,1
버즈 런처,13,1
뱅크샐러드,0,1
배틀그라운드,23,1
배틀그라운드,22,1
밥대생,22,1
밥대생,19,1
밥대생,7,1
밥대생,1,1
바비톡,10,1
미세미세,23,1
미세미세,22,1
미세미세,19,1
미세미세,18,1
미세미세,16,1
미세미세,15,1
미세미세,14,1
미세미세,12,1
미세미세,11,1
미세미세,10,1
미세미세,9,1
밥대생,21,1
방치타임,21,1
배터리 및 성능,18,1
배경화면,2,1
배달의민족,14,1
배달의민족,10,1
배달의민족,6,1
배달의민족,5,1
배달의민족,4,1
배달요기요,19,1
배달요기요,18,1
배달요기요,12,1
배달요기요,0,1
배경화면,20,1
배경화면,19,1
배경화면,18,1
배경화면,17,1
배경화면,16,1
배경화면,15,1
0한동,14,1
네이버 클라우드,11,1
Skype,10,1
U+ 고객센터,22,1
U-OTP+,3,1
U+멤버스,20,1
U+멤버스,19,1
U+멤버스,18,1
U+멤버스,14,1
U+멤버스,13,1
U+Box (클라우드),13,1
U+ 고객센터,15,1
VIBE,9,1
U+ 고객센터,13,1
U+ 고객센터,12,1
U+ 고객센터,4,1
U+ 고객센터,3,1
U+ 고객센터,2,1
U+ 고객센터,1,1
T전화 통화,22,1
U-OTP+,13,1
U-OTP+,15,1
U-OTP+,17,1
U-OTP+,18,1
VIBE,5,1
VIBE,4,1
VIBE,2,1
VIBE,0,1
V LIVE,22,1
ULike,23,1
ULike,20,1
ULike,18,1
ULike,17,1
ULike,16,1
ULike,15,1
ULike,12,1
ULike,0,1
U-OTP+,20,1
U-OTP+,19,1
T전화 통화,20,1
T전화 통화,19,1
T전화 통화,18,1
Twitch,17,1
Twitch,13,1
Twitch,12,1
Twitch,11,1
Twitch,9,1
Twitch,8,1
Twitch,7,1
Twitch,6,1
Twitch,4,1
Twitch,3,1
Twitch,2,1
Turbo VPN,11,1
Turbo VPN,10,1
Turbo VPN,3,1
Turbo VPN,1,1
Turbo VPN,0,1
Twitch,14,1
T멤버십,0,1
T전화 통화,17,1
T멤버십,2,1
T전화 통화,14,1
T전화 통화,11,1
T전화,7,1
T전화,6,1
T전화,5,1
T전화,4,1
T연락처,17,1
T연락처,8,1
T연락처,2,1
T연락처,0,1
T멤버십,21,1
T멤버십,20,1
T멤버십,19,1
T멤버십,13,1
T멤버십,8,1
VIBE,8,1
VIBE,10,1
Tower Color,14,1
Walkr,21,1
WeChat,15,1
WeChat,14,1
WeChat,12,1
WeChat,10,1
WeChat,0,1
Walkr,23,1
Walkr,22,1
Walkr,20,1
VIBE,20,1
Walkr,18,1
Walkr,17,1
Walkr,16,1
Walkr,15,1
Walkr,14,1
Walkr,13,1
Walkr,12,1
WeChat,16,1
WeChat,17,1
WeChat,19,1
Whale,0,1
Whale,19,1
Whale,18,1
Whale,17,1
Whale,16,1
Whale,15,1
Whale,14,1
Whale,13,1
Whale,12,1
Whale,11,1
Whale,10,1
Whale,9,1
Whale,8,1
Whale,3,1
Whale,2,1
Whale,1,1
Walkr,6,1
Walkr,5,1
Walkr,4,1
WSJ,1,1
W Concept,18,1
W Concept,10,1
W Concept,4,1
W Concept,1,1
VpnDialogs,20,1
VpnDialogs,17,1
VpnDialogs,16,1
VpnDialogs,3,1
VpnDialogs,2,1
VpnDialogs,1,1
VpnDialogs,0,1
VocalPitchMonitor,15,1
Vivino,23,1
Vingle,14,1
VIBE,23,1
WSJ,0,1
WSJ,9,1
Walkr,3,1
WSJ,10,1
Walkr,2,1
Walkr,1,1
Walkr,0,1
Wahoo,20,1
Wahoo,16,1
Wahoo,10,1
Wahoo,9,1
WSJ,23,1
WSJ,21,1
WSJ,20,1
WSJ,15,1
WSJ,14,1
WSJ,13,1
WSJ,12,1
WSJ,11,1
Traffic Run!,13,1
TouchVPN,0,1
Whale,21,1
Soundcamp,18,1
Spotify,17,1
Spotify,15,1
Spotify,14,1
Spotify,11,1
Spotify,1,1
Spotify,0,1
Space Big Bang,16,1
Soundcamp,15,1
Suunto,10,1
Soundcamp,13,1
Soundcamp,12,1
Sound+,22,1
Sound+,13,1
Sound+,12,1
Sound+,11,1
SongsterrWeb,12,1
Spotify,18,1
Spotify,21,1
Steam,0,1
Steam,1,1
StyleShare,22,1
StyleShare,19,1
StyleShare,18,1
StyleShare,13,1
StyleShare,12,1
Study,22,1
Study,21,1
Study,20,1
Study,19,1
Study,18,1
Study,17,1
Study,9,1
Steam,22,1
Steam,19,1
Steam,13,1
Smart​Things,23,1
Smart​Things,22,1
Smart​Things,17,1
SleepTown,12,1
SleepTown,10,1
SleepTown,9,1
SleepTown,8,1
SleepTown,4,1
SleepTown,3,1
SleepTown,2,1
SleepTown,1,1
SleepTown,0,1
Slack,23,1
Slack,22,1
Slack,2,1
Slack,0,1
Skyscanner,19,1
Skyscanner,18,1
Skyscanner,16,1
SleepTown,11,1
SleepTown,16,1
Smart​Things,15,1
SleepTown,17,1
Smart​Things,14,1
Smart​Things,12,1
Smart​Things,10,1
Smart​Things,9,1
Smart​Things,8,1
Smart​Things,7,1
SmartWorld,11,1
SmartThinQ,20,1
Smart View,16,1
Smart View,14,1
Smart Tools,9,1
SleepTown,23,1
SleepTown,22,1
SleepTown,20,1
SleepTown,18,1
Suunto,8,1
Suunto,14,1
Todoist,23,1
The Day Before,2,1
The Day Before,22,1
The Day Before,17,1
The Day Before,14,1
The Day Before,13,1
The Day Before,11,1
The Day Before,9,1
The Day Before,3,1
TVING,23,1
Suunto,15,1
TVING,22,1
TVING,21,1
TVING,20,1
TVING,19,1
TVING,18,1
TVING,17,1
TVING,16,1
The Day Before,23,1
The Weather Channel,18,1
The Weather Channel,19,1
The Weather Channel,20,1
Todoist,22,1
Todoist,21,1
Todoist,20,1
Todoist,19,1
Todoist,16,1
Todoist,15,1
Todoist,6,1
Todoist,4,1
Todoist,3,1
Todoist,1,1
TimeTree,18,1
TimeTree,17,1
TimeTree,16,1
TimeTree,13,1
TimeBlocks,17,1
TVING,15,1
TVING,14,1
TVING,13,1
T world,15,1
T world,1,1
T pay,18,1
T map,22,1
T map,9,1
T map,3,1
S플래너,22,1
S플래너,16,1
S플래너,10,1
S보이스,18,1
S보이스,10,1
S보이스,0,1
Syrup 월렛,14,1
Suunto,20,1
Suunto,19,1
Suunto,17,1
T world,14,1
T world,18,1
TVING,12,1
T world,21,1
TVING,11,1
TVING,10,1
TVING,9,1
TVING,7,1
TVING,4,1
TVING,2,1
TVING,1,1
TVING,0,1
THE COUPLE,21,1
T 안심,13,1
T 안심,7,1
T 안심,6,1
T 가드,23,1
T 가드,13,1
T 가드,12,1
Whale,20,1
Whale,22,1
네이버 클라우드,3,1
나만의 실험실,12,1
나무위키뷰어,16,1
나무위키뷰어,15,1
나무위키뷰어,14,1
나무위키뷰어,9,1
나무위키뷰어,8,1
나만의냉장고,19,1
나만의 실험실,13,1
꽁음따 시즌4,10,1
넌얼마나쓰니,1,1
꼼꼼달력메모,15,1
꼼꼼달력메모,14,1
꼼꼼달력메모,13,1
꼼꼼달력메모,9,1
꼼꼼달력메모,2,1
꼼꼼달력메모,1,1
김과외,23,1
나무위키뷰어,18,1
나무위키뷰어,23,1
날씨,3,1
날씨,6,1
냥코 대전쟁,20,1
냥코 대전쟁,19,1
냥코 대전쟁,17,1
냥코 대전쟁,15,1
냥코 대전쟁,14,1
냥코 대전쟁,13,1
냥코 대전쟁,8,1
냥코 대전쟁,0,1
내 파일,7,1
내 파일,5,1
내 캘린더,21,1
내 캘린더,19,1
내 캘린더,18,1
내 캘린더,15,1
내 멤버십 카드,10,1
김과외,22,1
김과외,21,1
김과외,20,1
기억의 신,2,1
기억의 신,0,1
기본홈(홈&앱서랍),23,1
기본홈(홈&앱서랍),22,1
기본홈(홈&앱서랍),21,1
기본홈(홈&앱서랍),20,1
기본홈(홈&앱서랍),19,1
기본홈(홈&앱서랍),18,1
기본홈(홈&앱서랍),17,1
기본홈(홈&앱서랍),16,1
기본홈(홈&앱서랍),15,1
기본홈(홈&앱서랍),14,1
기본홈(홈&앱서랍),13,1
기본홈(홈&앱서랍),12,1
기본홈(홈&앱서랍),11,1
기본홈(홈&앱서랍),10,1
기억의 신,1,1
기억의 신,6,1
김과외,14,1
기억의 신,7,1
김과외,11,1
김과외,0,1
기억의 신,23,1
기억의 신,22,1
기억의 신,21,1
기억의 신,20,1
기억의 신,19,1
기억의 신,18,1
기억의 신,17,1
기억의 신,16,1
기억의 신,15,1
기억의 신,14,1
기억의 신,13,1
기억의 신,9,1
기억의 신,8,1
넌얼마나쓰니,0,1
넌얼마나쓰니,2,1
기본홈(홈&앱서랍),8,1
네이버 사전,1,1
네이버 사전,20,1
네이버 사전,15,1
네이버 사전,14,1
네이버 사전,11,1
네이버 사전,10,1
네이버 사전,4,1
네이버 사전,3,1
네이버 블로그,23,1
넌얼마나쓰니,3,1
네이버 블로그,21,1
네이버 블로그,20,1
네이버 블로그,19,1
네이버 블로그,18,1
네이버 블로그,15,1
네이버 블로그,13,1
네이버 블로그,12,1
네이버 스마트보드,14,1
네이버 스마트보드,17,1
네이버 스마트보드,19,1
네이버 앱스토어,8,1
네이버 캘린더,23,1
네이버 캘린더,19,1
네이버 캘린더,18,1
네이버 캘린더,15,1
네이버 캘린더,14,1
네이버 캘린더,11,1
네이버 캘린더,10,1
네이버 캘린더,9,1
네이버 캘린더,8,1
네이버 캘린더,2,1
네이버 캘린더,1,1
네이버 카페,7,1
네이버 지도,6,1
네이버 지도,5,1
네이버 지도,3,1
네이버 블로그,11,1
네이버 블로그,9,1
네이버 블로그,4,1
넌얼마나쓰니,23,1
넌얼마나쓰니,21,1
넌얼마나쓰니,20,1
넌얼마나쓰니,19,1
넌얼마나쓰니,18,1
넌얼마나쓰니,16,1
넌얼마나쓰니,14,1
넌얼마나쓰니,13,1
넌얼마나쓰니,12,1
넌얼마나쓰니,11,1
넌얼마나쓰니,9,1
넌얼마나쓰니,8,1
넌얼마나쓰니,7,1
넌얼마나쓰니,6,1
넌얼마나쓰니,5,1
넌얼마나쓰니,4,1
넌얼마나쓰니,22,1
네이버 메일,10,1
네이버 블로그,3,1
네이버 메일,13,1
네이버 블로그,1,1
네이버 뮤직,22,1
네이버 뮤직,20,1
네이버 뮤직,18,1
네이버 뮤직,17,1
네이버 뮤직,14,1
네이버 뮤직,12,1
네이버 뮤직,4,1
네이버 뮤직,2,1
네이버 뮤직,0,1
네이버 메일,21,1
네이버 메일,18,1
네이버 메일,17,1
네이버 메일,16,1
네이버 메일,15,1
기본홈(홈&앱서랍),9,1
기본홈(홈&앱서랍),7,1
Whale,23,1
Zenly,8,1
blind,4,1
Zenly,19,1
Zenly,17,1
Zenly,13,1
Zenly,11,1
Zenly,10,1
Zenly,9,1
Zenly,7,1
page2,13,1
Zenly,6,1
Zenly,4,1
Zenly,2,1
Zenly,0,1
ZUMO,2,1
ZUMO,1,1
Y데이터박스,17,1
brunch,10,1
brunch,14,1
brunch,17,1
gStrings,16,1
oksusu,19,1
oksusu,17,1
oksusu,10,1
oksusu,9,1
oksusu,8,1
oksusu,7,1
oksusu,6,1
oksusu,5,1
oksusu,4,1
oksusu,3,1
oksusu,0,1
mVaccine for web,12,1
m.Stock,9,1
m.Stock,0,1
iSafe,10,1
Y데이터박스,14,1
YouTube Music,10,1
YouTube Music,6,1
Workspace,20,1
Workspace,17,1
Workspace,2,1
Workspace,1,1
Word,23,1
Word,21,1
Word,18,1
Word,14,1
Word,9,1
Word,4,1
Word,3,1
WoW BfA Talent Calculator,15,1
WiFi Mouse,4,1
Wi-Fi 다이렉트,0,1
Wi-Fi,3,1
Wi-Fi,1,1
Workspace,18,1
X-plore,11,1
YouTube Music,4,1
X-plore,14,1
Yoga VPN,20,1
Xodo Docs,22,1
Xodo Docs,21,1
Xodo Docs,20,1
Xodo Docs,19,1
Xodo Docs,17,1
Xodo Docs,10,1
Xodo Docs,9,1
Xodo Docs,1,1
X-plore,21,1
X-plore,19,1
X-plore,18,1
X-plore,17,1
X-plore,16,1
X-plore,15,1
oksusu,20,1
pixiv,8,1
기본홈(홈&앱서랍),6,1
고양이가 귀여운,17,1
고음질 녹음,20,1
고음질 녹음,17,1
고음질 녹음,15,1
고음질 녹음,14,1
고음질 녹음,11,1
고음질 녹음,10,1
고양이는 정말 귀여워,17,1
고속버스 모바일,21,1
tbs,13,1
고속버스 모바일,14,1
고속버스 모바일,8,1
고속버스 모바일,3,1
계산기,7,1
계산기,6,1
게임툴즈,22,1
게임런처,6,1
고음질 녹음,21,1
공성삼국: 새 천하를 열다 Red,0,1
공성삼국: 새 천하를 열다 Red,1,1
국세청 홈택스,0,1
기본홈(홈&앱서랍),5,1
기본홈(홈&앱서랍),2,1
기본홈(홈&앱서랍),1,1
기본홈(홈&앱서랍),0,1
그린카,15,1
그래핑 계산기 Mathlab,22,1
그래핑 계산기 Mathlab,21,1
궁극의 질문,21,1
궁극의 질문,15,1
궁극의 질문,13,1
국제검진센터,20,1
국제검진센터,14,1
국제검진센터,13,1
국세청 홈택스,15,1
국세청 홈택스,13,1
갤러리,7,1
가톨릭,10,1
自走棋测试服,23,1
ミリシタ,9,1
ミリシタ,7,1
ミリシタ,3,1
ミリシタ,1,1
ミリシタ,0,1
µTorrent,15,1
µTorrent,1,1
zet,12,1
timetable-core,22,1
timetable-core,21,1
timetable-core,17,1
timetable-core,15,1
timetable-core,14,1
timetable-core,10,1
timetable-core,3,1
timetable-core,2,1
ミリシタ,8,1
ミリシタ,10,1
自走棋测试服,16,1
ミリシタ,11,1
自走棋测试服,14,1
自走棋测试服,12,1
自走棋测试服,11,1
盒马,3,1
盒马,1,1
手机淘宝,17,1
ミリシタ,23,1
ミリシタ,21,1
ミリシタ,20,1
ミリシタ,19,1
ミリシタ,16,1
ミリシタ,15,1
ミリシタ,14,1
ミリシタ,13,1
ミリシタ,12,1
히어로칸타레,23,1
